StudentID,Name,Gender,AttendanceRate,StudyHoursPerWeek,PreviousGrade,ExtracurricularActivities,ParentalSupport,FinalGrade,Study Hours,Attendance (%),Online Classes Taken
1.0,427,1,-0.08475991802954058,-0.43350685606722045,0.039449669899376885,-0.4841582425359661,0,-0.003119286693329313,1.4942980517943232,-0.9633057010986589,0
2.0,826,0,0.6099935084421042,0.38473938037524896,0.7511705185994657,0.4880470637611546,2,0.7498119841103925,-0.13075420463249615,-0.3809919838878414,1
3.0,12,1,-1.0574147150898432,-1.2517530925096898,-1.2823176205436453,-1.4563635488330868,1,-1.293858608071138,1.369294032069183,0.7836354505337936,0
4.0,646,1,0.8878948790307621,1.2029856168177184,1.2595425533852433,1.4602523700582752,0,1.2876200346844795,0.3067598644054936,0.9953858931559091,0
5.0,299,0,0.33209213785344627,0.057440885798261204,0.44614729772799905,0.4880470637611546,2,0.5346887638807577,1.0567839827563332,1.048323503811438,1
6.0,729,0,1.304746934913749,2.0212318532601876,1.0561937394709324,-0.4841582425359661,0,-0.003119286693329313,0.24425785454292354,1.048323503811438,0
7.0,208,1,-2.169020197444475,-1.5790515870866775,-1.790689655329423,-1.4563635488330868,1,-1.9392282687600424,1.3067920222066134,0.9953858931559091,0
8.0,860,0,0.33209213785344627,-0.10620836149023268,-0.06222473705777866,-0.4841582425359661,2,-0.2182425069229641,-0.8807783229833361,-0.3809919838878414,1
9.0,357,1,-0.5016119739125274,-0.924454597932702,-0.7739455857578674,0.4880470637611546,1,-0.8636121676118684,0.7442739334434836,-1.4397441969984186,0
10.0,344,0,0.7489441937364332,0.7120378749522367,0.8528449255566213,1.4602523700582752,0,0.8573735942252099,0.3067598644054936,-0.9633057010986589,1
2824.0,848,1,0.33209213785344627,1.2029856168177184,1.2595425533852433,-1.4563635488330868,0,0.7498119841103925,0.6192699137183435,0.3601345652895627,1
7912.0,751,1,-0.08475991802954058,0.38473938037524896,0.039449669899376885,1.4602523700582752,1,0.8573735942252099,-1.443296411746466,-0.8044928691320723,0
4611.0,493,0,0.7489441937364332,0.057440885798261204,0.039449669899376885,-1.4563635488330868,1,-1.9392282687600424,-0.44326425394534624,-0.9633057010986589,1
6514.0,628,1,0.6099935084421042,-1.5790515870866775,0.7511705185994657,-0.4841582425359661,2,0.8573735942252099,-0.6932722933956261,-1.333868975687361,0
5396.5,374,1,-2.169020197444475,0.38473938037524896,-0.7739455857578674,0.4880470637611546,1,0.8573735942252099,1.2442900123440437,-0.22217915192125479,1
2139.0,266,1,0.33209213785344627,0.057440885798261204,0.7511705185994657,1.4602523700582752,0,-1.9392282687600424,-0.6307702835330562,0.6777602292227359,0
5396.5,198,1,1.304746934913749,1.2029856168177184,0.44614729772799905,0.4880470637611546,1,-1.293858608071138,0.18175584468035377,-0.6456800371654857,1
8573.0,369,0,0.33209213785344627,-0.924454597932702,1.2595425533852433,-0.4841582425359661,0,1.2876200346844795,1.0567839827563332,-0.3809919838878414,0
5386.0,367,1,0.8878948790307621,0.7120378749522367,1.0561937394709324,1.4602523700582752,1,-0.2182425069229641,-0.25575822435763623,0.7306978398782648,0
3340.0,125,0,-1.0574147150898432,1.2029856168177184,-0.7739455857578674,0.4880470637611546,2,0.8573735942252099,-0.1932562144950662,0.5189473972561492,0
6930.0,69,1,-1.0574147150898432,-0.924454597932702,-0.06222473705777866,0.4880470637611546,0,0.7498119841103925,-1.005782342708476,-0.91036809044313,0
2040.0,360,0,-2.169020197444475,0.7120378749522367,-0.06222473705777866,0.4880470637611546,2,-0.8636121676118684,1.1817880024814733,-1.4397441969984186,1
9797.0,277,0,1.304746934913749,0.38473938037524896,0.44614729772799905,-0.4841582425359661,0,-0.2182425069229641,-1.5057984216090359,0.9953858931559091,0
9201.0,243,1,-0.5016119739125274,0.38473938037524896,0.44614729772799905,-0.4841582425359661,1,-0.003119286693329313,-1.005782342708476,1.1012611144669668,1
9837.0,872,1,0.7489441937364332,2.0212318532601876,-0.06222473705777866,-0.4841582425359661,0,1.0724968144548446,1.2442900123440437,-0.4339295945433702,1
1949.0,415,1,0.7489441937364332,0.38473938037524896,0.039449669899376885,-0.4841582425359661,0,-0.8636121676118684,0.8692779531686233,-1.0162433117541878,0
3705.0,404,0,0.33209213785344627,0.057440885798261204,-1.790689655329423,1.4602523700582752,1,1.2876200346844795,0.7442739334434836,-0.11630393061019706,0
8177.0,753,0,0.6099935084421042,1.2029856168177184,1.2595425533852433,0.4880470637611546,2,-0.003119286693329313,0.3067598644054936,-0.6986176478210145,1
1117.0,664,1,-0.08475991802954058,1.2029856168177184,0.039449669899376885,-0.4841582425359661,2,0.7498119841103925,0.11925383481778372,-0.539804815854428,0
4510.0,209,1,0.7489441937364332,0.7120378749522367,-0.06222473705777866,1.4602523700582752,2,-1.9392282687600424,-0.8807783229833361,-1.1221185330652454,0
6804.0,225,0,-2.169020197444475,-0.10620836149023268,0.039449669899376885,0.4880470637611546,0,-0.003119286693329313,0.7442739334434836,-1.1221185330652454,1
4139.0,92,1,-0.5016119739125274,-0.10620836149023268,-1.2823176205436453,-1.4563635488330868,0,0.5346887638807577,-0.0682521947699264,-1.227993754376303,0
2604.0,959,1,-0.5016119739125274,-0.43350685606722045,0.7511705185994657,1.4602523700582752,0,-0.003119286693329313,-0.00575018490735636,-0.7515552584765434,0
1960.0,538,1,0.33209213785344627,-0.43350685606722045,-1.790689655329423,0.4880470637611546,2,0.5346887638807577,-0.1932562144950662,0.9953858931559091,0
3536.0,836,1,0.33209213785344627,1.2029856168177184,0.039449669899376885,1.4602523700582752,1,-0.8636121676118684,-1.318292392021326,-0.3809919838878414,1
1821.0,19,0,-0.5016119739125274,-0.924454597932702,-1.2823176205436453,-0.4841582425359661,1,0.7498119841103925,1.1817880024814733,-1.227993754376303,1
4853.0,782,0,0.6099935084421042,0.7120378749522367,1.2595425533852433,1.4602523700582752,1,-0.003119286693329313,0.43176388413063366,-0.0633663199546682,0
5396.5,174,1,1.304746934913749,1.2029856168177184,0.44614729772799905,-1.4563635488330868,0,0.5346887638807577,-0.0682521947699264,1.1012611144669668,1
1152.0,406,0,0.7489441937364332,0.7120378749522367,0.7511705185994657,0.4880470637611546,1,1.2876200346844795,0.05675182495521368,-1.0162433117541878,0
2127.0,141,1,1.304746934913749,0.057440885798261204,-1.2823176205436453,-0.4841582425359661,1,0.5346887638807577,0.43176388413063366,0.7306978398782648,1
5905.0,676,1,-1.0574147150898432,0.057440885798261204,0.7511705185994657,0.4880470637611546,1,-0.8636121676118684,-1.005782342708476,-0.4868672051988991,1
6617.0,375,1,0.33209213785344627,-0.924454597932702,-0.06222473705777866,0.4880470637611546,0,0.7498119841103925,0.4942658939932037,-0.539804815854428,1
1058.0,57,0,-1.0574147150898432,0.057440885798261204,-1.2823176205436453,-0.4841582425359661,1,-1.9392282687600424,0.24425785454292354,-1.0691809224097166,1
3442.0,717,1,1.304746934913749,0.7120378749522367,-0.7739455857578674,-1.4563635488330868,2,-1.293858608071138,-1.3807944018838958,-0.22217915192125479,1
6862.0,855,1,0.8878948790307621,0.38473938037524896,1.0561937394709324,0.4880470637611546,2,0.8573735942252099,0.8067759433060536,-0.6456800371654857,1
3900.0,44,0,-0.08475991802954058,-1.2517530925096898,1.0561937394709324,-1.4563635488330868,1,1.2876200346844795,-0.6932722933956261,1.2071363357780245,1
7267.0,485,1,-0.08475991802954058,1.2029856168177184,1.2595425533852433,-0.4841582425359661,2,0.5346887638807577,1.0567839827563332,-0.6986176478210145,1
1387.0,603,1,-2.169020197444475,2.0212318532601876,0.44614729772799905,0.4880470637611546,2,1.0724968144548446,0.4942658939932037,-0.11630393061019706,0
1452.0,74,1,0.33209213785344627,-1.2517530925096898,0.8528449255566213,0.4880470637611546,0,0.7498119841103925,0.3692618742680636,-0.27511676257678364,0
8149.0,583,1,-2.169020197444475,0.7120378749522367,1.2595425533852433,0.4880470637611546,0,-1.9392282687600424,-1.5057984216090359,0.3601345652895627,1
6967.0,651,0,0.6099935084421042,2.0212318532601876,0.8528449255566213,-0.4841582425359661,1,0.7498119841103925,0.7442739334434836,-0.4339295945433702,0
7691.0,689,0,-2.169020197444475,0.057440885798261204,-0.7739455857578674,-1.4563635488330868,0,-1.9392282687600424,0.5567679038557735,-0.1692415412657259,1
5930.0,591,0,-0.5016119739125274,0.057440885798261204,0.44614729772799905,-0.4841582425359661,0,-1.9392282687600424,0.9317799630311934,0.5718850079116782,0
8618.0,568,0,-0.08475991802954058,1.2029856168177184,-0.7739455857578674,-0.4841582425359661,1,-1.293858608071138,0.5567679038557735,-0.4868672051988991,0
2530.0,896,1,0.33209213785344627,1.2029856168177184,1.2595425533852433,-1.4563635488330868,0,-0.003119286693329313,-0.7557743032581962,0.14838412266744727,1
8461.0,532,0,0.7489441937364332,1.2029856168177184,-1.790689655329423,-0.4841582425359661,2,1.2876200346844795,-1.0682843525710461,0.8895106718448513,1
2746.0,735,0,0.8878948790307621,-1.2517530925096898,-0.7739455857578674,-0.4841582425359661,0,-0.8636121676118684,-0.7557743032581962,-1.0691809224097166,0
3184.0,523,0,-0.5016119739125274,-0.924454597932702,0.8528449255566213,-0.4841582425359661,2,0.8573735942252099,1.0567839827563332,0.25425934397850497,0
9976.0,385,0,-1.0574147150898432,-0.10620836149023268,-0.06222473705777866,0.4880470637611546,0,0.5346887638807577,0.8692779531686233,0.30719695463403385,0
4919.0,316,0,-0.08475991802954058,0.38473938037524896,0.44614729772799905,1.4602523700582752,2,1.0724968144548446,-0.5057662638079161,0.3601345652895627,1
3267.0,440,1,0.8878948790307621,-1.5790515870866775,-1.2823176205436453,1.4602523700582752,0,-1.9392282687600424,-0.25575822435763623,0.3601345652895627,0
7812.0,734,1,0.8878948790307621,-1.5790515870866775,-1.790689655329423,1.4602523700582752,1,-0.003119286693329313,1.1817880024814733,1.1012611144669668,0
8814.0,240,1,1.304746934913749,0.057440885798261204,-1.790689655329423,-1.4563635488330868,1,-0.8636121676118684,0.9942819728937634,-0.6986176478210145,0
4595.0,194,0,-2.169020197444475,-0.10620836149023268,0.039449669899376885,-1.4563635488330868,2,-1.9392282687600424,0.7442739334434836,0.0954465120119184,1
9751.0,772,1,-2.169020197444475,0.7120378749522367,0.8528449255566213,-0.4841582425359661,0,-1.9392282687600424,-1.0682843525710461,0.0954465120119184,1
1823.0,565,0,-2.169020197444475,2.0212318532601876,1.2595425533852433,-0.4841582425359661,2,1.0724968144548446,0.8692779531686233,-0.0633663199546682,0
7906.0,268,0,0.6099935084421042,-0.10620836149023268,0.039449669899376885,0.4880470637611546,0,1.0724968144548446,-0.8182763131207661,-1.227993754376303,1
1508.0,626,1,0.8878948790307621,-0.43350685606722045,0.8528449255566213,-1.4563635488330868,0,-1.293858608071138,-0.00575018490735636,-1.0691809224097166,1
8619.0,455,0,1.304746934913749,-1.2517530925096898,0.8528449255566213,1.4602523700582752,1,0.7498119841103925,0.9317799630311934,-0.91036809044313,0
2771.0,853,1,0.33209213785344627,0.7120378749522367,-1.790689655329423,-1.4563635488330868,1,1.2876200346844795,-1.2557903821587562,0.8895106718448513,1
2669.0,906,0,0.7489441937364332,0.38473938037524896,0.8528449255566213,-0.4841582425359661,2,-0.8636121676118684,-0.1932562144950662,-0.22217915192125479,1
9289.0,17,0,-0.08475991802954058,-1.5790515870866775,-0.06222473705777866,0.4880470637611546,2,1.0724968144548446,0.4942658939932037,0.0954465120119184,1
8135.0,758,1,-0.5016119739125274,0.057440885798261204,0.8528449255566213,0.4880470637611546,2,-0.2182425069229641,-0.13075420463249615,0.9953858931559091,0
6280.0,234,1,0.6099935084421042,0.057440885798261204,-0.06222473705777866,1.4602523700582752,2,0.8573735942252099,0.43176388413063366,-0.1692415412657259,0
1470.0,680,0,1.304746934913749,-1.2517530925096898,-0.06222473705777866,1.4602523700582752,2,0.5346887638807577,-4.630898914737536,6.500897401330911,0
1166.0,922,1,0.6099935084421042,1.2029856168177184,-1.790689655329423,-0.4841582425359661,1,1.2876200346844795,0.6817719235809135,0.7306978398782648,0
8342.0,830,1,0.6099935084421042,0.057440885798261204,1.2595425533852433,-1.4563635488330868,1,1.2876200346844795,-0.5682682736704862,0.5189473972561492,0
8753.0,325,0,-2.169020197444475,-0.924454597932702,1.0561937394709324,-0.4841582425359661,1,-0.2182425069229641,-0.6307702835330562,-0.5927424265099568,1
2976.0,835,1,1.304746934913749,0.38473938037524896,-0.7739455857578674,-1.4563635488330868,0,1.2876200346844795,0.8067759433060536,-0.539804815854428,0
2647.0,321,1,0.33209213785344627,1.2029856168177184,1.0561937394709324,-0.4841582425359661,2,-0.003119286693329313,0.6817719235809135,-1.0162433117541878,0
1745.0,329,1,-0.5016119739125274,0.057440885798261204,0.039449669899376885,-0.4841582425359661,0,-0.003119286693329313,0.3067598644054936,0.14838412266744727,0
8216.0,549,0,-1.0574147150898432,-0.43350685606722045,0.44614729772799905,-0.4841582425359661,0,0.7498119841103925,-0.25575822435763623,-1.227993754376303,1
3485.0,581,1,0.7489441937364332,0.057440885798261204,0.7511705185994657,1.4602523700582752,0,-0.8636121676118684,0.8692779531686233,0.5718850079116782,1
9561.0,580,0,-0.08475991802954058,-0.10620836149023268,0.44614729772799905,1.4602523700582752,2,0.5346887638807577,0.24425785454292354,-1.2809313650318321,1
4404.0,250,1,0.33209213785344627,0.38473938037524896,-1.2823176205436453,-0.4841582425359661,0,-0.8636121676118684,-1.2557903821587562,-1.4397441969984186,0
8381.0,754,0,0.33209213785344627,-0.43350685606722045,1.2595425533852433,0.4880470637611546,1,-0.003119286693329313,0.6817719235809135,0.0954465120119184,1
4824.0,590,0,0.7489441937364332,1.2029856168177184,-1.790689655329423,0.4880470637611546,1,1.2876200346844795,0.4942658939932037,-0.539804815854428,1
2169.0,211,1,-1.0574147150898432,0.057440885798261204,0.8528449255566213,1.4602523700582752,2,-0.2182425069229641,-1.130786362433616,0.8895106718448513,0
7594.0,35,0,-0.5016119739125274,-0.924454597932702,-0.06222473705777866,-0.4841582425359661,0,0.8573735942252099,-1.3807944018838958,-0.010428709299139331,0
5102.0,31,1,0.6099935084421042,1.2029856168177184,0.8528449255566213,1.4602523700582752,0,0.5346887638807577,0.3067598644054936,1.1012611144669668,1
8708.0,887,0,0.33209213785344627,-1.2517530925096898,0.8528449255566213,-1.4563635488330868,1,-0.2182425069229641,1.4942980517943232,0.14838412266744727,0
7690.0,32,1,1.304746934913749,0.38473938037524896,-1.2823176205436453,-0.4841582425359661,2,-0.2182425069229641,-0.6307702835330562,-0.11630393061019706,1
8451.0,716,1,1.304746934913749,0.057440885798261204,1.0561937394709324,0.4880470637611546,2,-0.8636121676118684,1.0567839827563332,-1.4397441969984186,0
7770.0,576,1,0.8878948790307621,-0.924454597932702,1.0561937394709324,1.4602523700582752,2,-0.2182425069229641,0.8692779531686233,-0.7515552584765434,0
9998.0,392,1,0.33209213785344627,-0.10620836149023268,-0.06222473705777866,0.4880470637611546,0,0.8573735942252099,0.05675182495521368,0.9424482825003802,1
6091.0,693,1,-0.5016119739125274,0.057440885798261204,0.7511705185994657,-0.4841582425359661,0,-0.2182425069229641,1.4317960419317535,0.7306978398782648,1
9165.0,63,0,-0.5016119739125274,0.057440885798261204,-1.790689655329423,-0.4841582425359661,2,1.2876200346844795,-0.0682521947699264,-0.9633057010986589,0
4122.0,327,1,0.6099935084421042,0.057440885798261204,-1.790689655329423,-0.4841582425359661,1,0.5346887638807577,1.0567839827563332,-0.4868672051988991,0
9022.0,300,1,-0.08475991802954058,-0.924454597932702,-0.06222473705777866,-0.4841582425359661,2,-0.8636121676118684,0.8692779531686233,-0.1692415412657259,0
5396.5,713,1,0.8878948790307621,0.7120378749522367,-1.790689655329423,1.4602523700582752,2,-0.003119286693329313,-0.5057662638079161,0.14838412266744727,0
7325.0,807,1,-0.08475991802954058,-0.43350685606722045,-1.2823176205436453,0.4880470637611546,1,1.0724968144548446,1.1817880024814733,0.04250890135638953,1
9617.0,297,1,-0.08475991802954058,0.057440885798261204,-1.790689655329423,-1.4563635488330868,0,-0.2182425069229641,0.9317799630311934,-0.5927424265099568,0
7512.0,709,1,1.304746934913749,-0.924454597932702,-1.790689655329423,-0.4841582425359661,1,-0.2182425069229641,1.2442900123440437,-1.333868975687361,1
4846.0,33,0,0.8878948790307621,0.38473938037524896,-1.790689655329423,-0.4841582425359661,1,0.7498119841103925,-0.13075420463249615,0.8895106718448513,0
1474.0,26,1,1.304746934913749,-0.43350685606722045,0.44614729772799905,-0.4841582425359661,2,-1.9392282687600424,-1.0682843525710461,0.30719695463403385,0
3950.0,619,1,-1.0574147150898432,0.38473938037524896,0.8528449255566213,-0.4841582425359661,1,1.2876200346844795,0.05675182495521368,-0.0633663199546682,1
4804.0,358,1,0.33209213785344627,-0.10620836149023268,0.44614729772799905,-0.4841582425359661,2,0.5346887638807577,0.6192699137183435,-0.91036809044313,1
8237.0,791,0,0.7489441937364332,0.057440885798261204,-1.790689655329423,0.4880470637611546,2,0.5346887638807577,-0.8807783229833361,-0.1692415412657259,0
2747.0,765,1,-2.169020197444475,0.7120378749522367,1.0561937394709324,1.4602523700582752,2,0.5346887638807577,-1.443296411746466,0.7836354505337936,0
5497.0,525,1,0.7489441937364332,-0.43350685606722045,0.8528449255566213,-0.4841582425359661,2,1.2876200346844795,0.3692618742680636,-0.27511676257678364,1
4115.0,265,0,-1.0574147150898432,0.38473938037524896,0.039449669899376885,0.4880470637611546,2,-0.003119286693329313,0.3067598644054936,-0.0633663199546682,1
2476.0,397,0,1.304746934913749,-1.5790515870866775,-1.2823176205436453,1.4602523700582752,0,-0.8636121676118684,1.2442900123440437,-0.22217915192125479,0
3695.0,271,0,-0.08475991802954058,0.057440885798261204,1.0561937394709324,0.4880470637611546,2,0.7498119841103925,-1.0682843525710461,-0.6986176478210145,0
6992.0,704,1,-2.169020197444475,-0.43350685606722045,0.44614729772799905,-0.4841582425359661,0,-0.2182425069229641,-0.3807622440827762,1.048323503811438,0
7242.0,335,0,0.6099935084421042,1.2029856168177184,-0.06222473705777866,-0.4841582425359661,1,-0.8636121676118684,-0.5057662638079161,0.624822618567207,1
2035.0,793,0,0.33209213785344627,-1.5790515870866775,0.7511705185994657,-1.4563635488330868,0,-0.003119286693329313,-0.5682682736704862,0.20132173332297612,1
2592.0,44,1,-0.5016119739125274,-1.2517530925096898,-1.790689655329423,-0.4841582425359661,2,-0.8636121676118684,-0.1932562144950662,1.048323503811438,1
7797.0,62,1,-0.08475991802954058,0.7120378749522367,-1.790689655329423,0.4880470637611546,0,-0.003119286693329313,-0.8182763131207661,0.04250890135638953,1
6942.0,110,1,1.304746934913749,-0.924454597932702,1.0561937394709324,-0.4841582425359661,2,0.5346887638807577,-0.9432803328459062,-1.0691809224097166,0
2501.0,635,1,0.7489441937364332,-0.43350685606722045,0.039449669899376885,-0.4841582425359661,0,-1.293858608071138,0.9317799630311934,-0.7515552584765434,1
4394.0,438,1,0.8878948790307621,2.0212318532601876,-1.2823176205436453,1.4602523700582752,0,-0.003119286693329313,1.1817880024814733,-0.9633057010986589,1
9850.0,173,0,-1.0574147150898432,0.057440885798261204,0.039449669899376885,-1.4563635488330868,0,1.0724968144548446,0.9317799630311934,-0.6456800371654857,0
1258.0,199,1,0.33209213785344627,-0.43350685606722045,-1.2823176205436453,-1.4563635488330868,1,0.7498119841103925,0.8067759433060536,0.14838412266744727,0
6931.0,832,1,-0.08475991802954058,-0.924454597932702,1.2595425533852433,1.4602523700582752,0,-0.8636121676118684,-0.5682682736704862,0.7306978398782648,1
1996.0,589,0,-2.169020197444475,-1.5790515870866775,0.7511705185994657,-0.4841582425359661,1,-0.003119286693329313,-1.2557903821587562,-1.1750561437207743,0
3430.0,414,1,-1.0574147150898432,0.057440885798261204,0.8528449255566213,-0.4841582425359661,1,1.0724968144548446,-4.630898914737536,6.500897401330911,0
8433.0,355,0,0.6099935084421042,0.38473938037524896,-0.7739455857578674,1.4602523700582752,2,-0.2182425069229641,1.2442900123440437,-0.0633663199546682,0
5396.5,915,1,-2.169020197444475,0.38473938037524896,1.0561937394709324,-1.4563635488330868,2,0.5346887638807577,-0.3182602342202063,-0.9633057010986589,0
2099.0,165,1,0.6099935084421042,0.38473938037524896,-1.790689655329423,0.4880470637611546,1,1.0724968144548446,1.0567839827563332,0.41307217594509155,1
6400.0,852,1,-2.169020197444475,0.057440885798261204,-1.790689655329423,-0.4841582425359661,2,0.8573735942252099,-0.5057662638079161,-1.1221185330652454,1
3535.0,924,0,0.8878948790307621,0.38473938037524896,1.0561937394709324,0.4880470637611546,2,0.7498119841103925,0.8692779531686233,0.4660097866006204,1
8030.0,235,1,0.7489441937364332,0.057440885798261204,0.039449669899376885,-1.4563635488330868,2,0.5346887638807577,1.369294032069183,-0.27511676257678364,1
3972.0,789,1,0.7489441937364332,-1.5790515870866775,0.7511705185994657,-1.4563635488330868,1,-0.003119286693329313,-1.193288372296186,0.30719695463403385,1
7163.0,736,0,-0.08475991802954058,2.0212318532601876,0.039449669899376885,-0.4841582425359661,2,1.0724968144548446,0.9317799630311934,0.4660097866006204,1
1861.0,371,1,-1.0574147150898432,0.7120378749522367,0.039449669899376885,0.4880470637611546,2,-0.2182425069229641,0.5567679038557735,0.20132173332297612,0
7785.0,111,0,0.8878948790307621,-0.924454597932702,0.7511705185994657,-0.4841582425359661,2,0.7498119841103925,-0.6307702835330562,0.8365730611893225,0
9633.0,254,0,-0.08475991802954058,1.2029856168177184,-1.790689655329423,1.4602523700582752,0,-0.003119286693329313,-0.8807783229833361,-0.7515552584765434,1
5186.0,547,0,1.304746934913749,0.38473938037524896,0.039449669899376885,-0.4841582425359661,1,-1.9392282687600424,-0.9432803328459062,-0.1692415412657259,1
9196.0,688,0,0.6099935084421042,-1.5790515870866775,0.039449669899376885,-1.4563635488330868,0,-0.2182425069229641,1.369294032069183,-0.3809919838878414,0
7626.0,286,0,0.33209213785344627,0.38473938037524896,-1.790689655329423,-0.4841582425359661,2,-1.293858608071138,0.9942819728937634,0.624822618567207,0
6928.0,270,1,-2.169020197444475,0.38473938037524896,1.2595425533852433,-1.4563635488330868,1,-1.9392282687600424,0.11925383481778372,-0.11630393061019706,0
6562.0,40,1,1.304746934913749,-1.2517530925096898,0.7511705185994657,0.4880470637611546,1,-0.003119286693329313,0.18175584468035377,-0.8044928691320723,0
6752.0,743,1,0.8878948790307621,0.38473938037524896,-1.2823176205436453,0.4880470637611546,0,-1.293858608071138,0.3692618742680636,1.1012611144669668,1
3902.0,28,0,-0.08475991802954058,0.7120378749522367,0.8528449255566213,-0.4841582425359661,1,0.8573735942252099,0.4942658939932037,0.624822618567207,0
6179.0,434,1,-0.08475991802954058,0.38473938037524896,-0.06222473705777866,-0.4841582425359661,1,0.5346887638807577,0.9942819728937634,0.5189473972561492,1
6766.0,931,1,0.33209213785344627,-0.10620836149023268,-0.06222473705777866,-0.4841582425359661,0,1.0724968144548446,1.1192859926189036,-1.227993754376303,1
9307.0,195,0,-0.08475991802954058,0.7120378749522367,-0.7739455857578674,-0.4841582425359661,2,0.8573735942252099,0.5567679038557735,-0.3809919838878414,0
9214.0,471,1,-0.08475991802954058,-0.10620836149023268,0.7511705185994657,-0.4841582425359661,1,0.7498119841103925,0.05675182495521368,-0.8574304797876011,1
5059.0,673,0,-0.08475991802954058,-0.924454597932702,-0.7739455857578674,1.4602523700582752,0,1.0724968144548446,-4.630898914737536,6.500897401330911,0
7697.0,558,0,0.7489441937364332,-0.43350685606722045,1.0561937394709324,0.4880470637611546,2,0.7498119841103925,0.24425785454292354,-0.1692415412657259,0
5128.0,724,1,1.304746934913749,0.38473938037524896,0.8528449255566213,-1.4563635488330868,2,0.5346887638807577,1.4942980517943232,0.8895106718448513,0
3112.0,421,1,0.33209213785344627,-0.924454597932702,-1.790689655329423,-0.4841582425359661,0,-0.8636121676118684,-1.193288372296186,0.7836354505337936,0
9331.0,649,0,-0.08475991802954058,2.0212318532601876,0.44614729772799905,-1.4563635488330868,0,1.0724968144548446,1.4317960419317535,0.20132173332297612,1
4711.0,5,1,-1.0574147150898432,0.38473938037524896,0.44614729772799905,0.4880470637611546,1,-0.8636121676118684,1.1192859926189036,0.30719695463403385,1
6517.0,645,1,0.7489441937364332,-1.5790515870866775,-1.2823176205436453,-1.4563635488330868,0,0.8573735942252099,0.9942819728937634,-0.91036809044313,0
1715.0,950,0,1.304746934913749,1.2029856168177184,-0.06222473705777866,1.4602523700582752,2,-0.2182425069229641,-0.7557743032581962,-0.6456800371654857,0
8684.0,252,1,1.304746934913749,0.7120378749522367,0.039449669899376885,-0.4841582425359661,2,-0.003119286693329313,0.05675182495521368,-0.0633663199546682,1
4271.0,315,1,0.33209213785344627,-0.43350685606722045,-0.06222473705777866,-0.4841582425359661,1,0.7498119841103925,0.7442739334434836,0.30719695463403385,1
5670.0,328,1,-1.0574147150898432,0.057440885798261204,-0.06222473705777866,0.4880470637611546,0,-1.9392282687600424,-1.193288372296186,-0.6986176478210145,0
6727.0,773,1,-2.169020197444475,-0.43350685606722045,-1.790689655329423,0.4880470637611546,2,1.2876200346844795,-0.3182602342202063,-1.1750561437207743,0
4678.0,794,1,1.304746934913749,0.38473938037524896,1.0561937394709324,-1.4563635488330868,0,-0.003119286693329313,-0.6307702835330562,0.14838412266744727,1
8685.0,867,0,0.7489441937364332,-0.43350685606722045,0.7511705185994657,-0.4841582425359661,2,1.2876200346844795,1.1192859926189036,0.41307217594509155,0
2821.0,561,0,0.8878948790307621,0.057440885798261204,0.7511705185994657,-0.4841582425359661,0,-0.003119286693329313,0.4942658939932037,0.624822618567207,0
2029.0,319,1,-0.08475991802954058,0.7120378749522367,-0.7739455857578674,-0.4841582425359661,1,-0.8636121676118684,0.3067598644054936,0.9424482825003802,1
5772.0,4,0,-0.08475991802954058,0.7120378749522367,1.0561937394709324,1.4602523700582752,0,-1.9392282687600424,-0.9432803328459062,0.7836354505337936,1
9576.0,861,0,0.6099935084421042,-0.924454597932702,-0.7739455857578674,0.4880470637611546,1,-0.8636121676118684,-1.443296411746466,0.14838412266744727,1
7338.0,44,0,0.33209213785344627,-0.43350685606722045,1.0561937394709324,0.4880470637611546,2,1.2876200346844795,0.8067759433060536,0.6777602292227359,1
6447.0,3,1,-0.08475991802954058,2.0212318532601876,-0.7739455857578674,-0.4841582425359661,1,-1.293858608071138,1.1192859926189036,0.8365730611893225,0
8840.0,51,1,-1.0574147150898432,0.38473938037524896,-0.06222473705777866,-0.4841582425359661,2,1.2876200346844795,-1.3807944018838958,-0.8044928691320723,1
6170.0,437,0,-0.5016119739125274,-1.5790515870866775,-0.7739455857578674,-0.4841582425359661,2,-0.003119286693329313,0.8692779531686233,-0.0633663199546682,0
5396.5,379,1,1.304746934913749,0.057440885798261204,0.7511705185994657,-0.4841582425359661,2,-1.9392282687600424,0.8067759433060536,-0.1692415412657259,0
4060.0,560,0,-0.08475991802954058,2.0212318532601876,-0.7739455857578674,0.4880470637611546,0,-1.9392282687600424,-1.2557903821587562,0.5718850079116782,1
9937.0,441,0,1.304746934913749,0.38473938037524896,0.7511705185994657,-0.4841582425359661,1,0.5346887638807577,-0.5682682736704862,0.5718850079116782,0
3730.0,486,0,1.304746934913749,-0.10620836149023268,0.039449669899376885,-0.4841582425359661,1,-1.9392282687600424,-0.6307702835330562,1.2071363357780245,1
2229.0,720,0,0.33209213785344627,-0.924454597932702,-1.2823176205436453,-0.4841582425359661,0,0.8573735942252099,0.6192699137183435,0.04250890135638953,1
3068.0,349,1,0.8878948790307621,2.0212318532601876,1.0561937394709324,-1.4563635488330868,1,-0.003119286693329313,0.3692618742680636,0.8365730611893225,0
7077.0,71,0,-0.08475991802954058,0.38473938037524896,0.8528449255566213,-1.4563635488330868,1,1.0724968144548446,-0.25575822435763623,0.7306978398782648,0
5089.0,930,1,-0.08475991802954058,0.057440885798261204,-0.06222473705777866,0.4880470637611546,2,-0.8636121676118684,0.05675182495521368,1.1541987251224957,0
8311.0,665,1,0.7489441937364332,0.057440885798261204,-0.06222473705777866,1.4602523700582752,0,-1.293858608071138,1.1817880024814733,0.04250890135638953,1
8292.0,954,1,1.304746934913749,2.0212318532601876,0.7511705185994657,0.4880470637611546,1,0.5346887638807577,1.3067920222066134,-0.91036809044313,1
6922.0,44,1,0.6099935084421042,1.2029856168177184,-1.2823176205436453,1.4602523700582752,2,-0.003119286693329313,-0.3807622440827762,0.4660097866006204,0
8657.0,44,1,0.7489441937364332,0.38473938037524896,0.7511705185994657,0.4880470637611546,2,-0.2182425069229641,0.11925383481778372,1.1541987251224957,0
2208.0,464,1,1.304746934913749,0.38473938037524896,-0.06222473705777866,-0.4841582425359661,0,-0.8636121676118684,-0.44326425394534624,1.1541987251224957,1
3114.0,504,0,-0.5016119739125274,-0.43350685606722045,0.7511705185994657,0.4880470637611546,0,0.5346887638807577,-1.005782342708476,-0.3809919838878414,1
6669.0,813,0,0.6099935084421042,0.057440885798261204,1.2595425533852433,-0.4841582425359661,0,-1.293858608071138,0.43176388413063366,0.624822618567207,1
9234.0,800,1,0.7489441937364332,0.7120378749522367,-1.2823176205436453,-1.4563635488330868,1,0.8573735942252099,0.7442739334434836,0.5718850079116782,0
1674.0,799,1,0.6099935084421042,-0.43350685606722045,0.8528449255566213,0.4880470637611546,1,1.2876200346844795,0.8692779531686233,-0.0633663199546682,1
9159.0,197,0,0.33209213785344627,-0.10620836149023268,1.2595425533852433,-1.4563635488330868,2,-0.2182425069229641,-1.2557903821587562,-1.2809313650318321,1
8202.0,256,0,-0.08475991802954058,-0.10620836149023268,1.2595425533852433,-0.4841582425359661,1,-1.293858608071138,-0.5057662638079161,0.9424482825003802,0
6658.0,223,0,-1.0574147150898432,2.0212318532601876,-0.7739455857578674,0.4880470637611546,0,1.0724968144548446,-0.7557743032581962,-1.0691809224097166,0
8366.0,660,1,-1.0574147150898432,0.38473938037524896,0.039449669899376885,0.4880470637611546,2,0.8573735942252099,-0.1932562144950662,-0.91036809044313,1
6123.0,70,1,-1.0574147150898432,-0.10620836149023268,0.039449669899376885,-0.4841582425359661,2,0.5346887638807577,0.05675182495521368,-1.1750561437207743,0
5396.5,445,0,0.8878948790307621,1.2029856168177184,0.8528449255566213,-0.4841582425359661,0,-0.003119286693329313,-0.6307702835330562,0.5718850079116782,0
5681.0,422,1,0.6099935084421042,-1.5790515870866775,-1.2823176205436453,0.4880470637611546,1,1.0724968144548446,0.8692779531686233,-0.22217915192125479,1
7563.0,473,1,0.7489441937364332,-0.924454597932702,1.2595425533852433,-0.4841582425359661,1,0.5346887638807577,-1.2557903821587562,0.25425934397850497,0
5396.5,859,1,-1.0574147150898432,0.38473938037524896,-1.790689655329423,-0.4841582425359661,2,-0.8636121676118684,1.4317960419317535,1.1012611144669668,1
4261.0,923,0,-0.5016119739125274,-0.43350685606722045,0.039449669899376885,-0.4841582425359661,0,1.0724968144548446,0.9942819728937634,0.30719695463403385,0
3440.0,107,1,1.304746934913749,0.057440885798261204,1.0561937394709324,-1.4563635488330868,2,-0.003119286693329313,0.05675182495521368,-0.4339295945433702,0
9311.0,456,0,0.7489441937364332,0.057440885798261204,0.039449669899376885,-0.4841582425359661,2,1.0724968144548446,0.6192699137183435,-0.0633663199546682,0
1436.0,289,0,0.33209213785344627,0.7120378749522367,0.8528449255566213,1.4602523700582752,1,-0.003119286693329313,0.3067598644054936,-0.91036809044313,0
3421.0,393,1,-0.08475991802954058,0.7120378749522367,0.7511705185994657,1.4602523700582752,0,-0.2182425069229641,-0.5057662638079161,-0.9633057010986589,0
4340.0,178,0,-0.5016119739125274,0.7120378749522367,-0.06222473705777866,-0.4841582425359661,1,-1.293858608071138,0.11925383481778372,0.41307217594509155,0
8837.0,8,0,1.304746934913749,-1.2517530925096898,-0.06222473705777866,0.4880470637611546,2,-0.8636121676118684,0.05675182495521368,1.1541987251224957,0
8932.0,20,1,0.8878948790307621,0.057440885798261204,-0.7739455857578674,0.4880470637611546,0,0.5346887638807577,0.9317799630311934,0.9424482825003802,1
9011.0,652,0,-0.08475991802954058,2.0212318532601876,-0.7739455857578674,0.4880470637611546,2,0.7498119841103925,0.05675182495521368,-0.0633663199546682,0
7464.0,730,0,-1.0574147150898432,0.057440885798261204,0.039449669899376885,0.4880470637611546,1,0.7498119841103925,-0.44326425394534624,0.04250890135638953,0
8849.0,642,1,0.8878948790307621,-0.924454597932702,0.44614729772799905,0.4880470637611546,1,0.5346887638807577,-1.0682843525710461,0.624822618567207,1
4972.0,255,1,-0.5016119739125274,1.2029856168177184,1.2595425533852433,-0.4841582425359661,0,-1.9392282687600424,-0.44326425394534624,0.14838412266744727,1
3252.0,911,1,-0.5016119739125274,0.057440885798261204,-1.790689655329423,-0.4841582425359661,2,1.2876200346844795,0.8692779531686233,-0.4868672051988991,0
5676.0,67,1,0.6099935084421042,0.7120378749522367,1.2595425533852433,0.4880470637611546,1,-0.003119286693329313,1.369294032069183,-0.8574304797876011,0
3880.0,909,1,-2.169020197444475,-0.10620836149023268,-1.2823176205436453,0.4880470637611546,0,-0.003119286693329313,-0.5682682736704862,-0.0633663199546682,1
6489.0,873,0,-0.08475991802954058,-0.924454597932702,-0.7739455857578674,-0.4841582425359661,0,-0.8636121676118684,-0.0682521947699264,-0.8044928691320723,1
6417.0,324,1,-0.08475991802954058,0.057440885798261204,-1.2823176205436453,-0.4841582425359661,1,1.0724968144548446,0.9942819728937634,0.4660097866006204,1
3875.0,541,0,-2.169020197444475,-0.924454597932702,1.0561937394709324,0.4880470637611546,2,0.7498119841103925,-0.9432803328459062,-1.0162433117541878,0
5396.5,535,1,-0.08475991802954058,0.057440885798261204,-1.790689655329423,1.4602523700582752,2,0.5346887638807577,1.4942980517943232,-0.4339295945433702,1
5285.0,708,0,0.8878948790307621,-0.43350685606722045,0.7511705185994657,-0.4841582425359661,0,-1.293858608071138,-0.25575822435763623,0.25425934397850497,0
2923.0,742,1,1.304746934913749,0.7120378749522367,1.2595425533852433,1.4602523700582752,0,-0.2182425069229641,-1.005782342708476,1.048323503811438,0
7813.0,705,0,-0.5016119739125274,1.2029856168177184,1.2595425533852433,1.4602523700582752,0,-0.8636121676118684,-0.13075420463249615,0.9424482825003802,0
2279.0,21,1,-0.08475991802954058,-0.924454597932702,-0.7739455857578674,1.4602523700582752,1,-0.8636121676118684,-1.0682843525710461,-0.3809919838878414,0
2904.0,847,1,0.7489441937364332,-0.10620836149023268,0.7511705185994657,0.4880470637611546,2,-0.003119286693329313,-0.0682521947699264,0.25425934397850497,0
8484.0,23,1,-0.5016119739125274,-0.10620836149023268,0.44614729772799905,-0.4841582425359661,2,0.5346887638807577,-4.630898914737536,6.500897401330911,1
5396.5,870,1,-2.169020197444475,2.0212318532601876,0.7511705185994657,0.4880470637611546,0,-0.003119286693329313,1.5568000616568936,0.14838412266744727,1
5703.0,22,0,-1.0574147150898432,-1.2517530925096898,-1.790689655329423,-0.4841582425359661,2,-0.003119286693329313,1.1817880024814733,-0.1692415412657259,0
5396.5,608,1,1.304746934913749,0.38473938037524896,-1.2823176205436453,0.4880470637611546,2,-0.8636121676118684,-1.130786362433616,-0.6986176478210145,1
1372.0,322,0,-0.08475991802954058,-0.924454597932702,-1.790689655329423,0.4880470637611546,2,1.2876200346844795,-0.7557743032581962,-0.27511676257678364,1
5516.0,387,1,0.6099935084421042,-0.43350685606722045,-1.790689655329423,1.4602523700582752,0,-0.003119286693329313,-0.8807783229833361,-1.1221185330652454,1
8314.0,226,1,0.8878948790307621,-0.43350685606722045,-1.790689655329423,-0.4841582425359661,0,-0.8636121676118684,-0.8182763131207661,1.1541987251224957,1
3295.0,118,0,0.8878948790307621,0.7120378749522367,0.039449669899376885,1.4602523700582752,1,1.0724968144548446,-0.7557743032581962,-0.9633057010986589,1
7775.0,454,1,0.33209213785344627,-0.43350685606722045,-0.7739455857578674,1.4602523700582752,1,-1.293858608071138,0.43176388413063366,-0.010428709299139331,0
1768.0,146,0,0.33209213785344627,-0.924454597932702,1.0561937394709324,-1.4563635488330868,2,-1.293858608071138,-0.5682682736704862,-0.8574304797876011,0
4948.0,499,1,0.33209213785344627,-1.2517530925096898,-0.06222473705777866,-0.4841582425359661,1,-1.9392282687600424,1.4942980517943232,0.41307217594509155,1
7363.0,668,1,0.33209213785344627,1.2029856168177184,1.0561937394709324,0.4880470637611546,2,1.0724968144548446,-1.193288372296186,0.9953858931559091,1
1844.0,802,0,-2.169020197444475,0.7120378749522367,0.8528449255566213,-0.4841582425359661,0,1.2876200346844795,0.9942819728937634,0.5189473972561492,1
8854.0,620,1,1.304746934913749,0.057440885798261204,0.039449669899376885,1.4602523700582752,0,0.7498119841103925,0.8067759433060536,1.1012611144669668,0
4974.0,857,1,-2.169020197444475,1.2029856168177184,-0.7739455857578674,-0.4841582425359661,2,-1.9392282687600424,-0.0682521947699264,0.7306978398782648,0
6053.0,699,0,1.304746934913749,-0.924454597932702,-0.06222473705777866,-0.4841582425359661,0,-0.2182425069229641,0.8692779531686233,-0.3809919838878414,1
7073.0,402,0,-2.169020197444475,0.057440885798261204,0.8528449255566213,1.4602523700582752,1,-1.293858608071138,-1.443296411746466,0.41307217594509155,0
5836.0,72,1,0.8878948790307621,2.0212318532601876,1.2595425533852433,-1.4563635488330868,1,1.2876200346844795,0.05675182495521368,0.7306978398782648,0
5216.0,435,0,-0.08475991802954058,-0.10620836149023268,-1.2823176205436453,-0.4841582425359661,0,-1.293858608071138,0.7442739334434836,0.20132173332297612,1
9882.0,718,1,-0.5016119739125274,-0.43350685606722045,0.7511705185994657,-0.4841582425359661,0,-1.9392282687600424,-1.0682843525710461,0.6777602292227359,1
2113.0,609,1,-0.08475991802954058,1.2029856168177184,-0.7739455857578674,-0.4841582425359661,2,-0.003119286693329313,0.43176388413063366,0.7836354505337936,0
8993.0,419,1,-0.08475991802954058,-0.924454597932702,-0.7739455857578674,-1.4563635488330868,0,-0.003119286693329313,0.11925383481778372,-0.539804815854428,0
1280.0,507,0,-1.0574147150898432,0.38473938037524896,0.7511705185994657,0.4880470637611546,0,1.2876200346844795,-0.8807783229833361,0.30719695463403385,0
6807.0,497,0,-2.169020197444475,0.38473938037524896,1.0561937394709324,-1.4563635488330868,2,0.8573735942252099,-0.7557743032581962,0.8895106718448513,1
5914.0,831,1,-0.08475991802954058,0.38473938037524896,-1.790689655329423,-1.4563635488330868,2,-0.8636121676118684,-0.00575018490735636,0.6777602292227359,1
3807.0,617,1,-0.08475991802954058,-1.5790515870866775,0.039449669899376885,1.4602523700582752,0,-0.8636121676118684,1.369294032069183,-0.6986176478210145,1
8790.0,956,0,-0.08475991802954058,0.38473938037524896,0.44614729772799905,0.4880470637611546,1,-0.003119286693329313,-0.9432803328459062,-0.3809919838878414,1
4394.0,114,1,0.33209213785344627,0.057440885798261204,0.44614729772799905,-1.4563635488330868,1,1.2876200346844795,0.24425785454292354,-0.1692415412657259,0
7288.0,891,1,0.6099935084421042,-0.924454597932702,1.0561937394709324,-0.4841582425359661,0,-1.9392282687600424,-0.7557743032581962,-1.227993754376303,0
7499.0,783,0,-0.08475991802954058,0.057440885798261204,-0.06222473705777866,-0.4841582425359661,0,1.0724968144548446,0.24425785454292354,-0.1692415412657259,0
4043.0,166,0,0.6099935084421042,0.7120378749522367,0.44614729772799905,1.4602523700582752,1,0.7498119841103925,-1.2557903821587562,-0.9633057010986589,0
3527.0,653,0,1.304746934913749,2.0212318532601876,0.039449669899376885,0.4880470637611546,0,0.5346887638807577,-4.630898914737536,6.500897401330911,0
2674.0,578,1,0.6099935084421042,-1.2517530925096898,-1.790689655329423,-0.4841582425359661,1,-0.8636121676118684,0.11925383481778372,-1.1221185330652454,1
2468.0,278,0,-0.5016119739125274,0.38473938037524896,0.8528449255566213,1.4602523700582752,2,-1.9392282687600424,-1.443296411746466,-0.0633663199546682,0
2387.0,759,1,0.7489441937364332,-0.924454597932702,-1.2823176205436453,-1.4563635488330868,0,-1.293858608071138,-0.6932722933956261,-0.539804815854428,0
3390.0,276,1,-1.0574147150898432,-1.5790515870866775,0.44614729772799905,-1.4563635488330868,2,-0.2182425069229641,0.9317799630311934,-0.22217915192125479,0
5040.0,459,0,0.7489441937364332,0.7120378749522367,1.2595425533852433,-0.4841582425359661,0,-1.293858608071138,0.05675182495521368,-0.11630393061019706,0
7224.0,883,0,-0.08475991802954058,2.0212318532601876,-1.790689655329423,1.4602523700582752,0,0.5346887638807577,-0.5057662638079161,0.8895106718448513,1
8848.0,218,0,-1.0574147150898432,-1.5790515870866775,1.0561937394709324,0.4880470637611546,1,-0.2182425069229641,1.4942980517943232,1.2071363357780245,1
6339.0,634,0,0.33209213785344627,-1.5790515870866775,1.0561937394709324,0.4880470637611546,1,1.2876200346844795,0.3692618742680636,0.3601345652895627,1
1440.0,144,0,0.8878948790307621,-0.10620836149023268,0.44614729772799905,0.4880470637611546,2,-0.003119286693329313,-1.0682843525710461,-0.4339295945433702,1
5139.0,526,1,-2.169020197444475,-1.5790515870866775,0.7511705185994657,-0.4841582425359661,1,-0.2182425069229641,0.3067598644054936,0.3601345652895627,0
9907.0,771,1,1.304746934913749,-0.924454597932702,0.8528449255566213,0.4880470637611546,0,1.2876200346844795,0.5567679038557735,-0.27511676257678364,1
1725.0,647,0,1.304746934913749,-1.5790515870866775,0.7511705185994657,-0.4841582425359661,0,0.5346887638807577,-0.8182763131207661,1.048323503811438,1
8303.0,331,0,-2.169020197444475,-0.10620836149023268,0.8528449255566213,0.4880470637611546,0,1.0724968144548446,1.6193020715194633,0.14838412266744727,1
5840.0,740,0,0.6099935084421042,0.38473938037524896,-1.2823176205436453,-0.4841582425359661,2,1.0724968144548446,-0.0682521947699264,-0.7515552584765434,0
6706.0,902,0,0.6099935084421042,0.057440885798261204,-0.06222473705777866,-0.4841582425359661,0,0.5346887638807577,-1.3807944018838958,0.9424482825003802,1
1370.0,899,0,0.6099935084421042,-1.2517530925096898,1.2595425533852433,0.4880470637611546,0,-0.8636121676118684,-1.005782342708476,0.41307217594509155,0
8570.0,480,1,-2.169020197444475,-1.2517530925096898,-1.2823176205436453,-0.4841582425359661,2,-0.003119286693329313,0.8067759433060536,-0.8044928691320723,0
8037.0,659,0,-0.08475991802954058,1.2029856168177184,1.2595425533852433,0.4880470637611546,1,0.7498119841103925,0.3067598644054936,0.3601345652895627,1
6993.0,942,0,0.33209213785344627,-0.10620836149023268,0.7511705185994657,0.4880470637611546,1,-0.2182425069229641,0.11925383481778372,0.6777602292227359,0
7367.0,840,0,0.7489441937364332,0.38473938037524896,1.0561937394709324,-0.4841582425359661,2,0.8573735942252099,-0.9432803328459062,0.8365730611893225,0
2388.0,834,1,1.304746934913749,0.38473938037524896,1.2595425533852433,0.4880470637611546,0,-1.293858608071138,-0.3182602342202063,-0.9633057010986589,0
7852.0,700,1,0.7489441937364332,-1.5790515870866775,-1.790689655329423,-1.4563635488330868,2,-0.8636121676118684,0.6817719235809135,0.7306978398782648,1
3733.0,88,0,0.33209213785344627,-1.2517530925096898,-1.2823176205436453,-0.4841582425359661,2,0.8573735942252099,0.05675182495521368,-0.27511676257678364,1
8939.0,465,1,0.8878948790307621,-1.5790515870866775,-0.7739455857578674,0.4880470637611546,1,-0.2182425069229641,-0.25575822435763623,0.20132173332297612,0
8272.0,73,0,-1.0574147150898432,0.38473938037524896,0.8528449255566213,-0.4841582425359661,0,0.5346887638807577,-1.3807944018838958,-0.6986176478210145,0
3755.0,721,0,0.7489441937364332,-0.10620836149023268,-0.7739455857578674,0.4880470637611546,0,0.8573735942252099,-1.130786362433616,1.1541987251224957,0
9880.0,221,1,-0.08475991802954058,-0.924454597932702,1.2595425533852433,-1.4563635488330868,0,1.2876200346844795,-0.5682682736704862,-0.0633663199546682,0
5305.0,180,0,0.6099935084421042,-0.10620836149023268,0.7511705185994657,1.4602523700582752,0,0.8573735942252099,0.6192699137183435,0.9424482825003802,0
3719.0,93,1,0.8878948790307621,1.2029856168177184,0.039449669899376885,1.4602523700582752,2,-0.8636121676118684,0.05675182495521368,0.3601345652895627,1
6302.0,403,0,0.33209213785344627,0.7120378749522367,0.44614729772799905,-0.4841582425359661,1,0.7498119841103925,-1.0682843525710461,1.1012611144669668,0
1971.0,654,0,-1.0574147150898432,-1.2517530925096898,1.2595425533852433,-1.4563635488330868,1,1.0724968144548446,1.0567839827563332,1.1012611144669668,0
9019.0,131,1,0.7489441937364332,0.057440885798261204,-1.790689655329423,-1.4563635488330868,2,0.7498119841103925,0.4942658939932037,1.1541987251224957,1
7600.0,951,0,1.304746934913749,-0.10620836149023268,-0.06222473705777866,-0.4841582425359661,1,-0.003119286693329313,1.1817880024814733,0.9953858931559091,1
8511.0,914,0,0.6099935084421042,-0.924454597932702,-1.790689655329423,1.4602523700582752,2,1.2876200346844795,0.05675182495521368,-0.3809919838878414,0
6533.0,598,1,0.7489441937364332,-0.10620836149023268,1.0561937394709324,-0.4841582425359661,0,0.7498119841103925,0.43176388413063366,0.0954465120119184,1
3035.0,770,1,-0.08475991802954058,-0.10620836149023268,0.039449669899376885,-1.4563635488330868,0,-1.293858608071138,1.2442900123440437,-0.0633663199546682,1
5489.0,469,1,1.304746934913749,0.057440885798261204,0.7511705185994657,-0.4841582425359661,1,-1.293858608071138,-1.318292392021326,0.6777602292227359,0
4836.0,206,0,0.6099935084421042,0.38473938037524896,0.039449669899376885,-0.4841582425359661,2,0.7498119841103925,-1.0682843525710461,-0.6986176478210145,0
1152.0,44,1,0.33209213785344627,0.38473938037524896,-1.790689655329423,-1.4563635488330868,2,0.7498119841103925,-0.8182763131207661,-1.1750561437207743,1
2690.0,44,0,1.304746934913749,0.057440885798261204,-1.2823176205436453,-1.4563635488330868,0,-1.293858608071138,-1.318292392021326,0.4660097866006204,1
3688.0,738,0,1.304746934913749,1.2029856168177184,-1.2823176205436453,-1.4563635488330868,1,-0.2182425069229641,1.1817880024814733,-1.1750561437207743,1
3293.0,662,1,0.7489441937364332,-1.5790515870866775,1.0561937394709324,-1.4563635488330868,2,-1.293858608071138,-0.7557743032581962,0.7306978398782648,1
5065.0,126,0,-0.08475991802954058,0.057440885798261204,1.2595425533852433,0.4880470637611546,1,-0.8636121676118684,-0.9432803328459062,-0.11630393061019706,0
1894.0,212,1,-0.08475991802954058,-1.5790515870866775,0.7511705185994657,1.4602523700582752,2,0.8573735942252099,-1.2557903821587562,-1.4397441969984186,0
6185.0,584,1,-2.169020197444475,0.7120378749522367,-1.790689655329423,-0.4841582425359661,1,-1.293858608071138,0.8692779531686233,1.1541987251224957,1
1273.0,529,1,-0.08475991802954058,0.057440885798261204,1.2595425533852433,-0.4841582425359661,0,-1.9392282687600424,0.05675182495521368,0.6777602292227359,0
7939.0,347,0,0.6099935084421042,-0.924454597932702,-0.7739455857578674,1.4602523700582752,0,0.5346887638807577,-1.2557903821587562,-1.1750561437207743,1
3545.0,213,0,-2.169020197444475,0.7120378749522367,0.7511705185994657,0.4880470637611546,1,-1.9392282687600424,0.7442739334434836,-0.6456800371654857,1
5005.0,927,1,-2.169020197444475,0.38473938037524896,-0.06222473705777866,1.4602523700582752,1,-0.003119286693329313,-0.5682682736704862,1.048323503811438,1
2956.0,384,1,-1.0574147150898432,-0.43350685606722045,-1.2823176205436453,-0.4841582425359661,2,-0.8636121676118684,0.05675182495521368,0.9953858931559091,0
3735.0,854,0,-1.0574147150898432,0.057440885798261204,0.7511705185994657,-0.4841582425359661,2,-1.9392282687600424,-0.6307702835330562,-1.227993754376303,0
2262.0,897,0,-0.08475991802954058,-0.924454597932702,1.0561937394709324,-0.4841582425359661,2,0.8573735942252099,-1.005782342708476,-0.91036809044313,0
2685.0,292,1,0.8878948790307621,-0.924454597932702,0.039449669899376885,-0.4841582425359661,0,1.2876200346844795,-1.3807944018838958,-0.22217915192125479,0
3458.0,725,1,-0.08475991802954058,-0.924454597932702,-1.790689655329423,1.4602523700582752,0,1.2876200346844795,-0.1932562144950662,0.9953858931559091,0
5444.0,741,1,0.7489441937364332,2.0212318532601876,0.7511705185994657,0.4880470637611546,1,-0.003119286693329313,-0.9432803328459062,0.30719695463403385,1
7568.0,600,1,-0.08475991802954058,0.057440885798261204,0.44614729772799905,-0.4841582425359661,0,-0.8636121676118684,-0.0682521947699264,-0.22217915192125479,1
5777.0,644,0,0.7489441937364332,1.2029856168177184,-0.06222473705777866,-0.4841582425359661,1,-0.2182425069229641,1.6193020715194633,1.1541987251224957,1
5396.5,354,1,-1.0574147150898432,-0.43350685606722045,-1.790689655329423,-0.4841582425359661,0,-0.8636121676118684,-0.44326425394534624,0.8895106718448513,1
6488.0,601,1,-2.169020197444475,0.057440885798261204,0.7511705185994657,1.4602523700582752,1,1.2876200346844795,-0.1932562144950662,-1.2809313650318321,1
5584.0,698,1,-0.08475991802954058,1.2029856168177184,-0.7739455857578674,-1.4563635488330868,1,1.0724968144548446,-0.0682521947699264,1.048323503811438,1
2565.0,935,1,-2.169020197444475,0.38473938037524896,0.8528449255566213,1.4602523700582752,0,-1.9392282687600424,0.5567679038557735,-1.0162433117541878,1
5778.0,175,0,1.304746934913749,-1.5790515870866775,1.0561937394709324,-0.4841582425359661,2,0.5346887638807577,-0.7557743032581962,-0.8044928691320723,1
5396.5,244,1,0.33209213785344627,-1.2517530925096898,-0.06222473705777866,-0.4841582425359661,2,-1.9392282687600424,-1.130786362433616,-0.27511676257678364,1
8404.0,179,0,-0.08475991802954058,0.057440885798261204,0.7511705185994657,0.4880470637611546,0,0.5346887638807577,1.0567839827563332,0.8895106718448513,1
4522.0,139,0,-1.0574147150898432,0.38473938037524896,1.2595425533852433,-0.4841582425359661,2,-0.8636121676118684,-1.3807944018838958,-0.4339295945433702,0
3848.0,586,1,-2.169020197444475,-0.10620836149023268,-0.7739455857578674,0.4880470637611546,0,0.7498119841103925,-0.0682521947699264,1.2071363357780245,1
2989.0,86,1,-0.08475991802954058,1.2029856168177184,-1.2823176205436453,1.4602523700582752,2,1.0724968144548446,0.6192699137183435,0.7306978398782648,1
5240.0,828,1,-0.08475991802954058,0.38473938037524896,1.2595425533852433,-0.4841582425359661,0,0.7498119841103925,1.3067920222066134,-0.0633663199546682,1
1699.0,189,0,-0.08475991802954058,-1.2517530925096898,0.8528449255566213,-1.4563635488330868,1,-1.9392282687600424,0.05675182495521368,-0.1692415412657259,0
3831.0,413,0,0.8878948790307621,-1.2517530925096898,0.44614729772799905,0.4880470637611546,0,-1.293858608071138,-4.630898914737536,6.500897401330911,1
5835.0,91,0,-2.169020197444475,-0.924454597932702,-0.06222473705777866,-0.4841582425359661,0,0.5346887638807577,-0.3182602342202063,-0.0633663199546682,1
9614.0,343,1,-0.5016119739125274,-0.43350685606722045,-1.790689655329423,-0.4841582425359661,2,-0.8636121676118684,0.9317799630311934,-0.27511676257678364,0
7363.0,76,0,-1.0574147150898432,-0.43350685606722045,1.0561937394709324,1.4602523700582752,0,-0.003119286693329313,1.3067920222066134,1.1541987251224957,0
1959.0,113,0,0.33209213785344627,0.057440885798261204,0.8528449255566213,1.4602523700582752,0,0.7498119841103925,-0.7557743032581962,-0.6456800371654857,0
9743.0,39,1,0.8878948790307621,0.7120378749522367,-1.790689655329423,-0.4841582425359661,0,-1.293858608071138,-0.7557743032581962,-0.0633663199546682,0
1462.0,264,0,0.7489441937364332,0.7120378749522367,-1.2823176205436453,1.4602523700582752,0,-0.2182425069229641,0.18175584468035377,-0.8574304797876011,0
1621.0,745,1,-0.08475991802954058,1.2029856168177184,0.8528449255566213,1.4602523700582752,0,-0.8636121676118684,-0.00575018490735636,-0.3280543732323125,1
3137.0,312,0,-1.0574147150898432,2.0212318532601876,0.039449669899376885,-0.4841582425359661,0,0.8573735942252099,0.6817719235809135,-0.9633057010986589,1
9622.0,158,0,0.6099935084421042,0.057440885798261204,-1.790689655329423,1.4602523700582752,0,1.0724968144548446,-0.5682682736704862,-1.0162433117541878,1
8157.0,53,0,1.304746934913749,-1.2517530925096898,-0.7739455857578674,1.4602523700582752,2,1.2876200346844795,0.5567679038557735,-0.8574304797876011,0
6026.0,103,0,-1.0574147150898432,-1.2517530925096898,0.039449669899376885,1.4602523700582752,2,0.8573735942252099,-1.3807944018838958,0.5718850079116782,0
4619.0,318,1,-0.08475991802954058,-1.2517530925096898,1.0561937394709324,0.4880470637611546,0,1.0724968144548446,1.5568000616568936,-0.91036809044313,1
6500.0,417,0,-0.08475991802954058,0.057440885798261204,1.2595425533852433,1.4602523700582752,1,0.7498119841103925,-0.3807622440827762,1.2071363357780245,1
1020.0,910,1,-2.169020197444475,-0.10620836149023268,-1.790689655329423,-1.4563635488330868,2,-0.003119286693329313,1.2442900123440437,-0.27511676257678364,0
2661.0,16,0,0.7489441937364332,1.2029856168177184,-1.2823176205436453,-0.4841582425359661,0,-0.003119286693329313,-0.5682682736704862,-0.3809919838878414,0
2715.0,366,1,1.304746934913749,-1.2517530925096898,-1.790689655329423,-1.4563635488330868,1,0.7498119841103925,0.18175584468035377,-1.1750561437207743,0
8909.0,313,1,-2.169020197444475,-1.2517530925096898,0.8528449255566213,-1.4563635488330868,0,-0.003119286693329313,-1.193288372296186,-0.7515552584765434,1
7705.0,451,0,0.33209213785344627,0.057440885798261204,1.2595425533852433,0.4880470637611546,0,-1.9392282687600424,0.3067598644054936,0.20132173332297612,1
1893.0,542,0,-0.08475991802954058,-1.5790515870866775,0.7511705185994657,0.4880470637611546,1,0.8573735942252099,-0.00575018490735636,-1.1221185330652454,1
4390.0,128,1,0.33209213785344627,0.38473938037524896,-0.06222473705777866,0.4880470637611546,2,-1.9392282687600424,-0.00575018490735636,0.7836354505337936,0
2493.0,703,0,-1.0574147150898432,2.0212318532601876,-1.790689655329423,-0.4841582425359661,0,-0.2182425069229641,-1.3807944018838958,0.04250890135638953,0
5315.0,44,1,0.33209213785344627,0.7120378749522367,0.039449669899376885,-1.4563635488330868,1,0.7498119841103925,-1.2557903821587562,-0.27511676257678364,0
4727.0,496,1,-2.169020197444475,-0.924454597932702,-1.790689655329423,0.4880470637611546,1,-0.2182425069229641,0.3067598644054936,-0.6456800371654857,0
5896.0,475,1,-2.169020197444475,-0.43350685606722045,-0.7739455857578674,1.4602523700582752,1,0.8573735942252099,0.6192699137183435,0.624822618567207,1
2970.0,545,0,-1.0574147150898432,-1.2517530925096898,1.2595425533852433,1.4602523700582752,0,-0.003119286693329313,-0.1932562144950662,0.8365730611893225,0
4308.0,622,1,0.7489441937364332,0.057440885798261204,1.0561937394709324,0.4880470637611546,0,-1.9392282687600424,0.24425785454292354,0.41307217594509155,0
5525.0,512,0,-0.08475991802954058,0.7120378749522367,0.8528449255566213,0.4880470637611546,2,0.7498119841103925,-0.1932562144950662,-0.9633057010986589,1
2730.0,104,1,0.33209213785344627,-0.924454597932702,1.0561937394709324,-1.4563635488330868,2,-1.9392282687600424,0.5567679038557735,0.4660097866006204,0
1613.0,376,1,0.33209213785344627,-1.5790515870866775,-1.2823176205436453,1.4602523700582752,1,-1.9392282687600424,-1.3807944018838958,-0.3280543732323125,1
1807.0,889,0,0.33209213785344627,2.0212318532601876,0.039449669899376885,-0.4841582425359661,2,-0.003119286693329313,-0.6307702835330562,0.20132173332297612,1
4734.0,290,1,0.33209213785344627,-0.10620836149023268,1.0561937394709324,0.4880470637611546,1,-1.9392282687600424,0.3692618742680636,-1.1750561437207743,1
8237.0,640,1,-2.169020197444475,-0.10620836149023268,-0.7739455857578674,-0.4841582425359661,0,-0.8636121676118684,0.9942819728937634,-1.227993754376303,0
9303.0,274,0,-1.0574147150898432,-0.924454597932702,0.8528449255566213,-0.4841582425359661,0,1.2876200346844795,1.2442900123440437,-0.8044928691320723,1
5087.0,48,1,-0.08475991802954058,-0.43350685606722045,1.0561937394709324,1.4602523700582752,2,-0.003119286693329313,1.0567839827563332,0.25425934397850497,0
5396.5,281,1,0.8878948790307621,2.0212318532601876,-0.06222473705777866,1.4602523700582752,2,-1.293858608071138,0.05675182495521368,0.14838412266744727,0
6640.0,821,1,0.33209213785344627,0.38473938037524896,0.44614729772799905,-0.4841582425359661,2,-0.003119286693329313,-1.005782342708476,0.4660097866006204,1
4626.0,686,1,0.8878948790307621,0.057440885798261204,-1.790689655329423,0.4880470637611546,0,-0.003119286693329313,-0.00575018490735636,-1.0162433117541878,1
1138.0,46,1,0.33209213785344627,0.7120378749522367,0.44614729772799905,0.4880470637611546,2,-1.9392282687600424,1.1817880024814733,0.0954465120119184,0
4575.0,44,0,0.33209213785344627,-0.924454597932702,0.8528449255566213,-1.4563635488330868,1,0.7498119841103925,-1.5057984216090359,0.7836354505337936,1
5631.0,87,0,0.6099935084421042,-0.10620836149023268,0.7511705185994657,-0.4841582425359661,2,1.0724968144548446,1.1817880024814733,-0.0633663199546682,0
4086.0,556,1,-0.5016119739125274,1.2029856168177184,0.039449669899376885,1.4602523700582752,2,1.0724968144548446,0.6192699137183435,0.9953858931559091,1
9148.0,430,0,0.33209213785344627,-1.5790515870866775,-1.790689655329423,-1.4563635488330868,1,-0.003119286693329313,0.3067598644054936,0.4660097866006204,1
6622.0,429,1,-0.5016119739125274,-0.10620836149023268,1.0561937394709324,0.4880470637611546,2,-1.293858608071138,1.1192859926189036,0.41307217594509155,1
5813.0,697,1,-0.08475991802954058,-1.2517530925096898,0.44614729772799905,0.4880470637611546,0,1.0724968144548446,0.5567679038557735,-0.6986176478210145,0
4659.0,420,0,-2.169020197444475,2.0212318532601876,0.039449669899376885,0.4880470637611546,1,0.5346887638807577,-4.630898914737536,6.500897401330911,0
1879.0,780,1,-0.08475991802954058,1.2029856168177184,-0.7739455857578674,0.4880470637611546,1,-1.9392282687600424,0.11925383481778372,-0.0633663199546682,1
3470.0,14,1,0.8878948790307621,2.0212318532601876,-1.790689655329423,1.4602523700582752,2,-1.293858608071138,-0.5057662638079161,0.9424482825003802,1
2324.0,655,0,1.304746934913749,-1.2517530925096898,1.0561937394709324,-0.4841582425359661,0,-0.2182425069229641,-0.6307702835330562,1.1012611144669668,1
3595.0,442,0,0.6099935084421042,-1.2517530925096898,0.8528449255566213,-0.4841582425359661,1,-1.9392282687600424,-0.25575822435763623,0.14838412266744727,0
1076.0,210,1,-0.5016119739125274,1.2029856168177184,1.0561937394709324,-0.4841582425359661,2,-0.8636121676118684,-0.8807783229833361,0.8365730611893225,1
5396.5,416,1,1.304746934913749,0.057440885798261204,-1.2823176205436453,0.4880470637611546,2,-0.8636121676118684,0.3067598644054936,-0.91036809044313,1
1749.0,341,0,0.33209213785344627,-0.10620836149023268,-0.7739455857578674,1.4602523700582752,1,-0.003119286693329313,-0.13075420463249615,0.8365730611893225,1
6615.0,337,0,1.304746934913749,1.2029856168177184,-1.2823176205436453,-1.4563635488330868,0,1.2876200346844795,-0.8182763131207661,-1.0162433117541878,1
1359.0,45,1,0.6099935084421042,2.0212318532601876,0.039449669899376885,-1.4563635488330868,1,0.5346887638807577,0.9317799630311934,0.624822618567207,1
1785.0,232,1,-0.08475991802954058,-0.43350685606722045,0.7511705185994657,-1.4563635488330868,2,-1.9392282687600424,-1.130786362433616,-0.5927424265099568,0
3508.0,75,1,-0.08475991802954058,0.057440885798261204,-1.790689655329423,0.4880470637611546,1,-0.8636121676118684,-0.6932722933956261,0.5718850079116782,1
7862.0,597,1,-0.5016119739125274,0.7120378749522367,0.7511705185994657,0.4880470637611546,0,0.7498119841103925,0.05675182495521368,0.5718850079116782,1
5396.5,777,1,1.304746934913749,-1.5790515870866775,0.44614729772799905,-1.4563635488330868,0,-0.8636121676118684,0.05675182495521368,-0.7515552584765434,0
6416.0,762,1,-0.08475991802954058,-0.43350685606722045,0.7511705185994657,0.4880470637611546,1,-0.2182425069229641,-4.630898914737536,6.500897401330911,1
2659.0,43,0,0.8878948790307621,-0.10620836149023268,0.44614729772799905,0.4880470637611546,2,-0.003119286693329313,-1.193288372296186,-0.8574304797876011,1
5760.0,44,0,1.304746934913749,-1.5790515870866775,0.7511705185994657,0.4880470637611546,0,-0.003119286693329313,1.1817880024814733,-0.0633663199546682,1
6384.0,917,0,0.33209213785344627,0.7120378749522367,0.44614729772799905,0.4880470637611546,2,1.0724968144548446,-0.9432803328459062,-0.11630393061019706,0
8479.0,99,0,-2.169020197444475,-0.10620836149023268,-1.790689655329423,-1.4563635488330868,0,-1.293858608071138,0.6817719235809135,-1.2809313650318321,1
2699.0,301,0,0.7489441937364332,-0.10620836149023268,0.8528449255566213,-0.4841582425359661,0,0.8573735942252099,-0.3182602342202063,-0.27511676257678364,1
5396.5,594,0,-0.08475991802954058,0.38473938037524896,-1.790689655329423,-0.4841582425359661,0,0.7498119841103925,-0.6932722933956261,-0.3809919838878414,1
9598.0,666,1,1.304746934913749,-0.924454597932702,-0.7739455857578674,-0.4841582425359661,0,-1.9392282687600424,0.5567679038557735,-0.6456800371654857,0
6664.0,796,0,-1.0574147150898432,-0.924454597932702,0.8528449255566213,-0.4841582425359661,0,-1.293858608071138,0.05675182495521368,0.14838412266744727,0
3709.0,241,1,-0.08475991802954058,2.0212318532601876,1.2595425533852433,-0.4841582425359661,2,-0.003119286693329313,0.05675182495521368,0.41307217594509155,0
7607.0,44,1,0.6099935084421042,-0.10620836149023268,-0.06222473705777866,1.4602523700582752,2,0.7498119841103925,1.1817880024814733,0.04250890135638953,0
2944.0,291,0,-0.08475991802954058,0.38473938037524896,0.039449669899376885,-1.4563635488330868,0,-0.8636121676118684,0.18175584468035377,-1.1750561437207743,0
9328.0,96,1,-0.08475991802954058,2.0212318532601876,1.0561937394709324,-0.4841582425359661,0,-0.2182425069229641,-0.44326425394534624,-0.0633663199546682,0
6952.0,827,0,0.6099935084421042,0.38473938037524896,1.2595425533852433,-0.4841582425359661,2,1.0724968144548446,1.0567839827563332,-0.4868672051988991,0
2741.0,514,1,-1.0574147150898432,-0.10620836149023268,-1.2823176205436453,-1.4563635488330868,0,0.5346887638807577,0.43176388413063366,-0.8044928691320723,1
7437.0,272,1,-0.08475991802954058,1.2029856168177184,1.0561937394709324,0.4880470637611546,2,-0.003119286693329313,1.369294032069183,0.8365730611893225,1
8381.0,862,0,0.7489441937364332,-0.924454597932702,-1.2823176205436453,-0.4841582425359661,0,-0.8636121676118684,0.8067759433060536,0.41307217594509155,0
8912.0,684,1,0.7489441937364332,-1.2517530925096898,-1.2823176205436453,0.4880470637611546,2,0.8573735942252099,0.3692618742680636,-0.3809919838878414,0
7859.0,245,1,0.33209213785344627,-1.5790515870866775,1.0561937394709324,0.4880470637611546,2,-1.293858608071138,-1.0682843525710461,0.5718850079116782,0
9975.0,382,0,-0.5016119739125274,0.057440885798261204,1.2595425533852433,1.4602523700582752,1,0.5346887638807577,0.6192699137183435,0.8365730611893225,1
3913.0,495,0,0.6099935084421042,0.057440885798261204,-0.7739455857578674,-0.4841582425359661,1,0.8573735942252099,1.4317960419317535,0.9424482825003802,0
9747.0,359,0,-2.169020197444475,0.057440885798261204,-0.7739455857578674,0.4880470637611546,0,-1.9392282687600424,-1.0682843525710461,0.7836354505337936,1
4275.0,513,0,-1.0574147150898432,0.057440885798261204,0.44614729772799905,-1.4563635488330868,0,0.5346887638807577,-0.8807783229833361,-0.0633663199546682,1
6876.0,242,0,0.6099935084421042,0.7120378749522367,-0.7739455857578674,1.4602523700582752,1,-0.8636121676118684,-0.3182602342202063,0.25425934397850497,0
1769.0,182,0,-2.169020197444475,-1.5790515870866775,1.0561937394709324,0.4880470637611546,0,-0.003119286693329313,0.8067759433060536,-0.8044928691320723,0
4695.0,764,0,0.33209213785344627,-0.924454597932702,0.8528449255566213,1.4602523700582752,1,1.2876200346844795,-0.5682682736704862,-0.8574304797876011,1
4063.0,943,1,-0.5016119739125274,0.38473938037524896,-1.790689655329423,-0.4841582425359661,2,0.5346887638807577,0.24425785454292354,-1.0162433117541878,1
5178.0,638,1,1.304746934913749,-0.10620836149023268,-1.2823176205436453,-0.4841582425359661,0,1.0724968144548446,0.3692618742680636,1.1541987251224957,1
9037.0,112,0,0.6099935084421042,2.0212318532601876,-0.7739455857578674,1.4602523700582752,0,-0.8636121676118684,-1.318292392021326,0.25425934397850497,1
7814.0,106,0,0.6099935084421042,2.0212318532601876,1.2595425533852433,1.4602523700582752,1,1.0724968144548446,0.05675182495521368,-0.4868672051988991,1
9691.0,330,0,-0.5016119739125274,-0.43350685606722045,0.7511705185994657,-0.4841582425359661,2,1.2876200346844795,1.3067920222066134,0.624822618567207,1
1653.0,678,0,-2.169020197444475,0.38473938037524896,-1.790689655329423,0.4880470637611546,1,0.5346887638807577,-1.443296411746466,0.30719695463403385,0
9426.0,317,0,-0.08475991802954058,0.057440885798261204,0.44614729772799905,1.4602523700582752,2,-0.8636121676118684,-1.2557903821587562,-1.1221185330652454,1
9814.0,311,1,0.6099935084421042,1.2029856168177184,1.2595425533852433,-1.4563635488330868,0,1.2876200346844795,0.18175584468035377,0.8895106718448513,0
2181.0,844,1,-0.08475991802954058,-0.10620836149023268,1.0561937394709324,-0.4841582425359661,0,0.7498119841103925,-1.318292392021326,1.2071363357780245,0
2154.0,122,1,0.33209213785344627,-1.5790515870866775,-1.790689655329423,-0.4841582425359661,1,-1.9392282687600424,-0.13075420463249615,-1.3868065863428898,0
2938.0,650,1,0.7489441937364332,0.38473938037524896,0.8528449255566213,-0.4841582425359661,1,0.7498119841103925,-0.3807622440827762,0.25425934397850497,1
5748.0,310,0,0.7489441937364332,0.38473938037524896,0.44614729772799905,-0.4841582425359661,2,-1.9392282687600424,1.0567839827563332,-1.3868065863428898,0
3561.0,520,1,-1.0574147150898432,-1.5790515870866775,-0.7739455857578674,0.4880470637611546,1,-1.293858608071138,-0.5682682736704862,1.2071363357780245,0
1182.0,615,1,0.6099935084421042,-0.43350685606722045,0.039449669899376885,1.4602523700582752,1,-1.9392282687600424,0.18175584468035377,-1.1750561437207743,1
4441.0,44,0,0.8878948790307621,-1.5790515870866775,-0.7739455857578674,-1.4563635488330868,0,-1.293858608071138,-0.8182763131207661,-0.5927424265099568,1
2877.0,624,1,0.7489441937364332,-0.43350685606722045,-0.7739455857578674,-0.4841582425359661,1,-0.8636121676118684,-1.2557903821587562,0.7836354505337936,1
5107.0,449,1,0.8878948790307621,0.7120378749522367,-0.06222473705777866,-0.4841582425359661,2,-1.293858608071138,0.6192699137183435,-0.6456800371654857,1
5671.0,44,1,0.8878948790307621,2.0212318532601876,-0.06222473705777866,-0.4841582425359661,2,0.8573735942252099,0.5567679038557735,0.8895106718448513,1
6971.0,767,0,0.33209213785344627,-1.2517530925096898,0.039449669899376885,-0.4841582425359661,0,1.2876200346844795,0.7442739334434836,0.7306978398782648,0
5533.0,746,0,-1.0574147150898432,2.0212318532601876,-0.06222473705777866,-0.4841582425359661,2,1.0724968144548446,0.9317799630311934,0.20132173332297612,1
3879.0,933,1,0.33209213785344627,-1.2517530925096898,-0.7739455857578674,1.4602523700582752,2,0.7498119841103925,0.7442739334434836,-1.3868065863428898,1
7637.0,540,1,-0.08475991802954058,-0.924454597932702,0.44614729772799905,0.4880470637611546,1,-0.2182425069229641,0.5567679038557735,-0.9633057010986589,0
7430.0,224,1,0.7489441937364332,0.057440885798261204,-1.2823176205436453,-0.4841582425359661,1,-0.8636121676118684,-1.193288372296186,-0.22217915192125479,1
4913.0,492,1,-0.5016119739125274,-1.2517530925096898,-0.06222473705777866,-1.4563635488330868,0,0.8573735942252099,1.4317960419317535,0.7836354505337936,1
5396.5,263,1,-0.08475991802954058,1.2029856168177184,-0.06222473705777866,1.4602523700582752,0,0.5346887638807577,-0.3807622440827762,-1.333868975687361,1
9485.0,418,0,-2.169020197444475,-0.10620836149023268,-0.06222473705777866,-0.4841582425359661,0,1.0724968144548446,-1.193288372296186,0.30719695463403385,0
5314.0,797,1,-2.169020197444475,-1.5790515870866775,1.0561937394709324,1.4602523700582752,1,0.7498119841103925,0.11925383481778372,-0.1692415412657259,1
9460.0,557,0,1.304746934913749,2.0212318532601876,-0.06222473705777866,-0.4841582425359661,1,-0.003119286693329313,0.05675182495521368,-0.0633663199546682,0
3713.0,803,1,0.6099935084421042,-0.924454597932702,0.44614729772799905,1.4602523700582752,0,-1.293858608071138,-1.005782342708476,0.5718850079116782,1
4773.0,431,0,1.304746934913749,0.38473938037524896,-0.06222473705777866,-0.4841582425359661,2,1.2876200346844795,0.3692618742680636,0.7306978398782648,0
1367.0,44,1,-0.08475991802954058,-1.2517530925096898,0.8528449255566213,1.4602523700582752,0,-1.293858608071138,0.43176388413063366,-1.333868975687361,1
1916.0,214,1,0.33209213785344627,-1.2517530925096898,-0.7739455857578674,-1.4563635488330868,1,0.8573735942252099,0.4942658939932037,0.9953858931559091,0
2404.0,44,1,-0.08475991802954058,0.7120378749522367,-0.06222473705777866,-0.4841582425359661,0,1.2876200346844795,1.1192859926189036,0.5718850079116782,1
3979.0,447,0,-1.0574147150898432,0.057440885798261204,-0.06222473705777866,1.4602523700582752,1,0.7498119841103925,-0.8182763131207661,-0.0633663199546682,1
2778.0,95,1,0.8878948790307621,0.057440885798261204,-0.7739455857578674,-1.4563635488330868,0,0.8573735942252099,-1.193288372296186,0.14838412266744727,1
9706.0,903,1,0.6099935084421042,-0.10620836149023268,-1.2823176205436453,1.4602523700582752,1,-0.003119286693329313,1.3067920222066134,1.1541987251224957,0
9553.0,877,0,1.304746934913749,-0.43350685606722045,-0.7739455857578674,-1.4563635488330868,0,-0.2182425069229641,0.9317799630311934,-0.1692415412657259,0
2600.0,320,0,-1.0574147150898432,0.057440885798261204,-0.06222473705777866,1.4602523700582752,0,0.5346887638807577,0.3692618742680636,-0.0633663199546682,0
5223.0,78,1,-0.08475991802954058,-0.43350685606722045,0.8528449255566213,0.4880470637611546,0,-0.8636121676118684,-1.5057984216090359,0.7306978398782648,1
6175.0,546,0,1.304746934913749,0.38473938037524896,-1.2823176205436453,-1.4563635488330868,1,0.8573735942252099,-0.6932722933956261,0.3601345652895627,0
6990.0,44,0,-2.169020197444475,1.2029856168177184,-1.790689655329423,0.4880470637611546,1,-0.2182425069229641,0.05675182495521368,0.41307217594509155,0
5157.0,44,0,0.7489441937364332,0.057440885798261204,-1.790689655329423,-1.4563635488330868,1,0.7498119841103925,0.8067759433060536,0.04250890135638953,1
2642.0,739,1,-0.5016119739125274,-1.5790515870866775,1.0561937394709324,0.4880470637611546,1,-0.003119286693329313,-1.005782342708476,0.6777602292227359,1
2492.0,190,1,-0.08475991802954058,0.7120378749522367,-1.790689655329423,0.4880470637611546,0,0.5346887638807577,-0.8182763131207661,-1.1750561437207743,1
7296.0,11,0,0.7489441937364332,-0.924454597932702,0.44614729772799905,1.4602523700582752,0,-1.293858608071138,0.4942658939932037,0.04250890135638953,1
4304.0,714,0,0.8878948790307621,-0.43350685606722045,0.8528449255566213,0.4880470637611546,1,1.2876200346844795,0.43176388413063366,0.8365730611893225,1
6893.0,2,1,-0.08475991802954058,-1.2517530925096898,0.7511705185994657,0.4880470637611546,2,1.0724968144548446,0.5567679038557735,-0.11630393061019706,1
9482.0,287,1,0.6099935084421042,0.38473938037524896,-0.7739455857578674,0.4880470637611546,1,-0.8636121676118684,1.369294032069183,-0.27511676257678364,0
5530.0,711,1,0.7489441937364332,1.2029856168177184,-0.06222473705777866,-1.4563635488330868,1,-0.003119286693329313,-0.6932722933956261,-0.0633663199546682,1
2185.0,631,0,1.304746934913749,0.38473938037524896,-0.7739455857578674,0.4880470637611546,1,0.8573735942252099,-0.6932722933956261,0.04250890135638953,0
8923.0,323,1,1.304746934913749,-0.10620836149023268,-0.06222473705777866,1.4602523700582752,0,-0.2182425069229641,-1.130786362433616,-0.0633663199546682,0
4610.0,181,1,1.304746934913749,-1.5790515870866775,1.0561937394709324,0.4880470637611546,1,-0.003119286693329313,0.6817719235809135,-0.5927424265099568,1
5706.0,432,1,-2.169020197444475,2.0212318532601876,0.7511705185994657,0.4880470637611546,0,-0.2182425069229641,-0.5057662638079161,-0.7515552584765434,0
3994.0,55,1,-0.08475991802954058,1.2029856168177184,1.2595425533852433,1.4602523700582752,2,1.2876200346844795,-0.8182763131207661,-0.6456800371654857,0
5396.5,373,1,0.6099935084421042,0.38473938037524896,-0.06222473705777866,1.4602523700582752,0,-0.8636121676118684,1.4942980517943232,-0.0633663199546682,0
6167.0,137,0,0.7489441937364332,0.057440885798261204,-0.06222473705777866,-1.4563635488330868,0,0.5346887638807577,-0.25575822435763623,1.1012611144669668,1
1887.0,961,0,-0.08475991802954058,-0.924454597932702,0.039449669899376885,0.4880470637611546,2,-1.9392282687600424,1.1817880024814733,1.1541987251224957,1
8490.0,54,1,-0.5016119739125274,-0.10620836149023268,1.0561937394709324,-0.4841582425359661,0,1.2876200346844795,-0.3182602342202063,-1.1221185330652454,0
6924.0,334,0,-1.0574147150898432,-0.924454597932702,0.039449669899376885,1.4602523700582752,2,-0.2182425069229641,1.4942980517943232,-0.3280543732323125,0
4013.0,333,1,-2.169020197444475,1.2029856168177184,-1.790689655329423,-0.4841582425359661,2,-1.9392282687600424,-0.6307702835330562,-0.8574304797876011,1
4744.0,841,1,0.33209213785344627,1.2029856168177184,-0.7739455857578674,-1.4563635488330868,2,1.2876200346844795,-1.0682843525710461,1.048323503811438,1
8749.0,115,1,-1.0574147150898432,-1.5790515870866775,-0.06222473705777866,-1.4563635488330868,1,-0.8636121676118684,0.18175584468035377,-0.3809919838878414,0
5915.0,145,0,-0.5016119739125274,0.7120378749522367,0.039449669899376885,-1.4563635488330868,0,-1.293858608071138,-1.318292392021326,-0.5927424265099568,0
2577.0,44,0,1.304746934913749,0.057440885798261204,1.0561937394709324,-0.4841582425359661,1,-0.8636121676118684,1.4317960419317535,-0.5927424265099568,0
1324.0,68,0,0.6099935084421042,2.0212318532601876,0.8528449255566213,-0.4841582425359661,1,0.8573735942252099,0.4942658939932037,0.3601345652895627,1
5663.0,616,0,1.304746934913749,-0.924454597932702,-0.06222473705777866,-0.4841582425359661,0,-1.9392282687600424,0.43176388413063366,0.0954465120119184,1
3745.0,34,0,-2.169020197444475,0.7120378749522367,0.8528449255566213,-1.4563635488330868,0,0.7498119841103925,-1.005782342708476,-0.6986176478210145,0
6191.0,426,0,0.33209213785344627,0.7120378749522367,-1.790689655329423,0.4880470637611546,2,1.0724968144548446,0.8067759433060536,0.30719695463403385,0
7782.0,605,1,-1.0574147150898432,-0.43350685606722045,-1.2823176205436453,1.4602523700582752,1,0.5346887638807577,1.4317960419317535,0.8895106718448513,1
4450.0,833,1,-2.169020197444475,0.38473938037524896,0.7511705185994657,0.4880470637611546,2,-0.8636121676118684,-1.318292392021326,1.1541987251224957,0
9584.0,573,1,0.6099935084421042,0.057440885798261204,0.8528449255566213,-1.4563635488330868,0,-1.9392282687600424,-0.5682682736704862,-0.6456800371654857,0
8260.0,958,1,-1.0574147150898432,-0.924454597932702,-1.2823176205436453,-0.4841582425359661,0,1.0724968144548446,1.1817880024814733,-0.3809919838878414,0
8654.0,353,0,-0.5016119739125274,-0.10620836149023268,-1.2823176205436453,0.4880470637611546,0,0.8573735942252099,0.05675182495521368,0.6777602292227359,0
9576.0,294,0,1.304746934913749,-0.10620836149023268,-0.7739455857578674,1.4602523700582752,0,-0.2182425069229641,-0.5682682736704862,-0.0633663199546682,0
3551.0,733,1,-0.08475991802954058,-0.43350685606722045,-0.7739455857578674,-1.4563635488330868,2,0.5346887638807577,-0.0682521947699264,-1.4397441969984186,0
8816.0,876,0,-0.08475991802954058,-1.5790515870866775,0.44614729772799905,1.4602523700582752,0,-0.003119286693329313,0.18175584468035377,-0.8044928691320723,0
8161.0,570,0,0.8878948790307621,-1.2517530925096898,-1.790689655329423,-1.4563635488330868,0,0.5346887638807577,-1.2557903821587562,0.6777602292227359,1
9464.0,919,0,0.33209213785344627,-0.924454597932702,0.44614729772799905,-1.4563635488330868,0,0.7498119841103925,-0.9432803328459062,-0.4868672051988991,1
8460.0,856,0,0.33209213785344627,0.7120378749522367,-0.06222473705777866,1.4602523700582752,2,-0.003119286693329313,-1.005782342708476,0.3601345652895627,1
4046.0,460,1,0.33209213785344627,0.057440885798261204,-1.2823176205436453,-0.4841582425359661,1,-0.003119286693329313,-0.7557743032581962,-0.9633057010986589,1
9086.0,814,1,1.304746934913749,-1.5790515870866775,0.44614729772799905,-0.4841582425359661,2,-0.2182425069229641,0.6817719235809135,-1.333868975687361,0
2314.0,204,1,-0.08475991802954058,0.057440885798261204,-1.790689655329423,0.4880470637611546,1,-0.2182425069229641,-0.9432803328459062,-0.5927424265099568,0
1206.0,528,1,0.8878948790307621,-1.5790515870866775,-0.06222473705777866,1.4602523700582752,1,-0.003119286693329313,-0.8807783229833361,1.048323503811438,1
9538.0,463,1,-0.08475991802954058,-1.5790515870866775,0.44614729772799905,-0.4841582425359661,0,-0.003119286693329313,0.8067759433060536,0.41307217594509155,1
5150.0,411,0,0.33209213785344627,1.2029856168177184,1.0561937394709324,-0.4841582425359661,1,1.2876200346844795,1.5568000616568936,-0.6456800371654857,0
6316.0,42,1,-1.0574147150898432,0.057440885798261204,0.8528449255566213,0.4880470637611546,2,1.2876200346844795,-1.5057984216090359,-1.333868975687361,0
3539.0,119,0,0.6099935084421042,1.2029856168177184,-1.2823176205436453,-0.4841582425359661,0,0.8573735942252099,-0.44326425394534624,1.1012611144669668,1
1979.0,879,0,-1.0574147150898432,-0.924454597932702,0.7511705185994657,-1.4563635488330868,2,1.2876200346844795,0.05675182495521368,0.41307217594509155,0
8187.0,795,1,-0.08475991802954058,-1.5790515870866775,1.0561937394709324,-1.4563635488330868,2,-0.003119286693329313,-0.00575018490735636,0.04250890135638953,0
9892.0,233,0,0.8878948790307621,0.7120378749522367,-1.2823176205436453,0.4880470637611546,2,-0.003119286693329313,0.8067759433060536,-0.539804815854428,1
2128.0,869,1,-0.08475991802954058,0.057440885798261204,0.44614729772799905,0.4880470637611546,2,-0.2182425069229641,-1.5057984216090359,0.6777602292227359,0
4039.0,142,1,0.7489441937364332,2.0212318532601876,0.8528449255566213,1.4602523700582752,2,0.7498119841103925,0.5567679038557735,0.3601345652895627,0
4110.0,352,0,-0.5016119739125274,-1.2517530925096898,0.8528449255566213,0.4880470637611546,0,-1.9392282687600424,0.4942658939932037,-1.0691809224097166,1
9572.0,140,1,-0.08475991802954058,-1.2517530925096898,-1.2823176205436453,-0.4841582425359661,0,0.7498119841103925,-0.00575018490735636,-0.0633663199546682,1
7366.0,38,0,-0.5016119739125274,0.7120378749522367,0.8528449255566213,0.4880470637611546,0,1.0724968144548446,-0.8182763131207661,0.9424482825003802,1
1214.0,864,1,-0.08475991802954058,0.38473938037524896,-0.06222473705777866,-0.4841582425359661,2,-0.8636121676118684,0.8067759433060536,-0.0633663199546682,0
1955.0,774,0,-0.5016119739125274,-0.43350685606722045,0.7511705185994657,-0.4841582425359661,0,1.2876200346844795,1.4942980517943232,-1.1221185330652454,1
4784.0,164,0,0.8878948790307621,1.2029856168177184,-0.7739455857578674,1.4602523700582752,1,-1.293858608071138,0.24425785454292354,0.41307217594509155,0
2728.0,761,0,-0.08475991802954058,-1.5790515870866775,0.7511705185994657,-1.4563635488330868,0,-0.8636121676118684,-0.25575822435763623,-0.3280543732323125,1
9747.0,60,0,1.304746934913749,2.0212318532601876,-0.7739455857578674,-0.4841582425359661,2,-1.9392282687600424,0.8692779531686233,-0.010428709299139331,0
4943.0,150,1,-2.169020197444475,-0.924454597932702,0.44614729772799905,-0.4841582425359661,2,-0.2182425069229641,1.4942980517943232,-1.4397441969984186,1
5660.0,130,1,-0.5016119739125274,-1.2517530925096898,0.44614729772799905,-0.4841582425359661,2,1.2876200346844795,0.05675182495521368,-0.3809919838878414,1
5521.0,798,1,0.6099935084421042,-0.43350685606722045,-0.06222473705777866,-0.4841582425359661,0,-1.293858608071138,-0.6932722933956261,0.5189473972561492,1
4817.0,639,0,0.33209213785344627,0.38473938037524896,0.8528449255566213,-1.4563635488330868,1,1.2876200346844795,0.8067759433060536,0.9953858931559091,0
8905.0,336,1,-0.08475991802954058,0.7120378749522367,0.7511705185994657,1.4602523700582752,1,0.5346887638807577,-1.3807944018838958,0.4660097866006204,0
5396.5,818,1,1.304746934913749,2.0212318532601876,-1.790689655329423,-1.4563635488330868,0,1.2876200346844795,0.8067759433060536,0.5718850079116782,1
7266.0,785,1,0.33209213785344627,-0.924454597932702,0.039449669899376885,-0.4841582425359661,1,0.8573735942252099,-1.0682843525710461,0.25425934397850497,1
3509.0,554,1,-2.169020197444475,-0.10620836149023268,0.8528449255566213,1.4602523700582752,1,0.7498119841103925,-0.8182763131207661,-0.4868672051988991,0
5396.5,530,1,1.304746934913749,0.38473938037524896,-0.06222473705777866,1.4602523700582752,1,-0.003119286693329313,0.18175584468035377,-0.5927424265099568,1
7529.0,599,1,-1.0574147150898432,-1.2517530925096898,-0.06222473705777866,0.4880470637611546,0,-0.2182425069229641,-0.25575822435763623,0.4660097866006204,1
9589.0,468,1,0.8878948790307621,0.057440885798261204,0.44614729772799905,-1.4563635488330868,2,0.8573735942252099,-1.2557903821587562,0.7836354505337936,0
7939.0,658,0,1.304746934913749,1.2029856168177184,1.0561937394709324,-0.4841582425359661,1,-0.003119286693329313,0.8692779531686233,-0.91036809044313,0
8245.0,748,1,-0.08475991802954058,-0.43350685606722045,1.2595425533852433,1.4602523700582752,1,1.0724968144548446,-1.005782342708476,0.9953858931559091,1
2841.0,267,1,0.33209213785344627,0.7120378749522367,-1.2823176205436453,0.4880470637611546,0,1.0724968144548446,0.6817719235809135,-1.0691809224097166,0
8373.0,551,0,-0.08475991802954058,2.0212318532601876,1.2595425533852433,0.4880470637611546,0,1.2876200346844795,0.18175584468035377,1.1012611144669668,0
9991.0,893,0,0.7489441937364332,-1.2517530925096898,0.039449669899376885,-1.4563635488330868,1,-0.8636121676118684,-1.3807944018838958,-0.91036809044313,1
5653.0,938,1,0.7489441937364332,0.057440885798261204,0.039449669899376885,-0.4841582425359661,1,-0.003119286693329313,-1.318292392021326,0.7836354505337936,0
6901.0,298,1,-0.08475991802954058,0.057440885798261204,-1.790689655329423,1.4602523700582752,2,-0.8636121676118684,1.5568000616568936,-1.1221185330652454,1
8940.0,364,1,-1.0574147150898432,1.2029856168177184,-0.7739455857578674,-0.4841582425359661,1,-0.003119286693329313,0.05675182495521368,0.30719695463403385,0
6465.0,399,0,-2.169020197444475,-1.2517530925096898,0.039449669899376885,-0.4841582425359661,1,1.0724968144548446,-0.3807622440827762,-0.4339295945433702,1
9212.0,15,0,-0.08475991802954058,0.057440885798261204,-1.790689655329423,-0.4841582425359661,1,0.5346887638807577,-0.8182763131207661,-0.3280543732323125,0
3248.0,755,1,-2.169020197444475,-0.924454597932702,0.8528449255566213,1.4602523700582752,2,1.2876200346844795,0.3067598644054936,-0.010428709299139331,0
6395.0,692,0,-0.5016119739125274,-1.2517530925096898,1.2595425533852433,-1.4563635488330868,1,-0.8636121676118684,0.6192699137183435,-0.8044928691320723,1
6062.0,491,1,-2.169020197444475,0.057440885798261204,0.8528449255566213,-1.4563635488330868,2,0.7498119841103925,0.24425785454292354,0.9953858931559091,1
4016.0,472,0,-1.0574147150898432,-0.43350685606722045,1.0561937394709324,-1.4563635488330868,2,-0.003119286693329313,-0.13075420463249615,0.6777602292227359,0
3489.0,553,1,0.33209213785344627,-1.2517530925096898,-1.2823176205436453,-0.4841582425359661,1,0.8573735942252099,-0.6932722933956261,0.4660097866006204,1
4804.0,719,1,-0.08475991802954058,2.0212318532601876,0.7511705185994657,-0.4841582425359661,0,-0.8636121676118684,1.1192859926189036,0.14838412266744727,0
4014.0,537,0,-0.08475991802954058,-0.10620836149023268,-1.2823176205436453,-1.4563635488330868,0,1.2876200346844795,-1.3807944018838958,1.1012611144669668,1
5421.0,822,0,0.8878948790307621,1.2029856168177184,1.2595425533852433,0.4880470637611546,0,-0.003119286693329313,1.1817880024814733,0.20132173332297612,0
8496.0,44,1,-2.169020197444475,-1.5790515870866775,0.039449669899376885,1.4602523700582752,1,-1.9392282687600424,0.7442739334434836,-0.11630393061019706,1
9530.0,102,1,-0.08475991802954058,-0.10620836149023268,0.039449669899376885,1.4602523700582752,1,-0.8636121676118684,-0.25575822435763623,1.048323503811438,1
7347.0,695,1,0.8878948790307621,0.057440885798261204,-0.06222473705777866,-1.4563635488330868,2,0.5346887638807577,-0.0682521947699264,-0.010428709299139331,0
1893.0,579,1,-0.08475991802954058,-0.10620836149023268,0.7511705185994657,0.4880470637611546,0,-1.293858608071138,0.9317799630311934,0.8895106718448513,1
7440.0,817,0,1.304746934913749,-0.10620836149023268,0.039449669899376885,-1.4563635488330868,2,0.8573735942252099,1.3067920222066134,-0.8044928691320723,0
2477.0,83,0,1.304746934913749,-1.2517530925096898,0.7511705185994657,0.4880470637611546,0,-0.2182425069229641,0.4942658939932037,-1.1750561437207743,0
9383.0,564,1,-2.169020197444475,-0.924454597932702,-1.790689655329423,-0.4841582425359661,0,1.0724968144548446,0.24425785454292354,0.7836354505337936,1
3656.0,205,1,-1.0574147150898432,-0.43350685606722045,-1.790689655329423,0.4880470637611546,2,-0.2182425069229641,-0.6307702835330562,-0.8574304797876011,1
3155.0,810,1,-0.08475991802954058,0.7120378749522367,0.44614729772799905,-0.4841582425359661,2,-0.2182425069229641,1.1817880024814733,0.3601345652895627,1
9084.0,621,1,0.8878948790307621,0.7120378749522367,-0.06222473705777866,-0.4841582425359661,2,-0.2182425069229641,-1.2557903821587562,0.5718850079116782,1
5009.0,778,0,0.7489441937364332,-0.924454597932702,1.2595425533852433,-0.4841582425359661,0,-1.293858608071138,-1.318292392021326,-0.27511676257678364,1
3381.0,548,1,0.7489441937364332,0.7120378749522367,0.44614729772799905,-0.4841582425359661,0,-0.003119286693329313,-1.193288372296186,-0.8574304797876011,1
5659.0,522,1,-0.08475991802954058,0.7120378749522367,1.0561937394709324,-0.4841582425359661,0,0.5346887638807577,-0.5057662638079161,-0.1692415412657259,1
8001.0,120,1,0.33209213785344627,-0.10620836149023268,0.039449669899376885,0.4880470637611546,1,-0.003119286693329313,-0.5057662638079161,-0.0633663199546682,1
4425.0,506,1,0.6099935084421042,0.7120378749522367,-0.7739455857578674,0.4880470637611546,2,0.8573735942252099,1.4317960419317535,0.9424482825003802,0
7996.0,946,0,0.33209213785344627,-0.924454597932702,0.8528449255566213,1.4602523700582752,2,-1.293858608071138,0.43176388413063366,0.20132173332297612,0
9069.0,669,1,0.7489441937364332,1.2029856168177184,0.44614729772799905,1.4602523700582752,0,0.7498119841103925,-1.443296411746466,0.6777602292227359,1
4396.0,682,0,-2.169020197444475,-0.43350685606722045,1.0561937394709324,-0.4841582425359661,1,1.2876200346844795,-1.443296411746466,-0.8044928691320723,0
5168.0,483,1,0.33209213785344627,0.057440885798261204,-0.7739455857578674,0.4880470637611546,2,-0.003119286693329313,-1.130786362433616,-0.3280543732323125,0
7488.0,728,1,-1.0574147150898432,1.2029856168177184,1.0561937394709324,-0.4841582425359661,1,-0.2182425069229641,1.369294032069183,-1.333868975687361,1
8888.0,44,1,-0.08475991802954058,-0.924454597932702,1.0561937394709324,-0.4841582425359661,2,-0.003119286693329313,1.1192859926189036,-0.4339295945433702,0
9779.0,941,1,0.8878948790307621,0.7120378749522367,0.039449669899376885,-0.4841582425359661,0,-1.293858608071138,-0.6307702835330562,-1.3868065863428898,0
7147.0,247,1,0.7489441937364332,0.7120378749522367,-1.790689655329423,-1.4563635488330868,1,0.7498119841103925,1.1817880024814733,1.1012611144669668,0
6152.0,37,1,0.33209213785344627,-1.5790515870866775,0.7511705185994657,-0.4841582425359661,0,1.0724968144548446,-0.0682521947699264,-0.4339295945433702,1
5396.5,132,0,-1.0574147150898432,0.38473938037524896,1.0561937394709324,-0.4841582425359661,0,-0.003119286693329313,-0.13075420463249615,-1.3868065863428898,0
9192.0,866,1,0.8878948790307621,2.0212318532601876,-0.06222473705777866,0.4880470637611546,2,1.0724968144548446,-1.0682843525710461,-1.1221185330652454,1
4361.0,722,1,-0.08475991802954058,-1.5790515870866775,-0.7739455857578674,0.4880470637611546,0,0.5346887638807577,1.4317960419317535,0.8365730611893225,1
6460.0,763,0,-0.08475991802954058,0.38473938037524896,-0.7739455857578674,0.4880470637611546,0,0.8573735942252099,0.8692779531686233,0.6777602292227359,1
6257.0,804,1,0.8878948790307621,0.057440885798261204,0.44614729772799905,0.4880470637611546,2,-0.2182425069229641,0.6192699137183435,-0.539804815854428,1
3580.0,811,1,0.6099935084421042,-0.43350685606722045,0.8528449255566213,0.4880470637611546,1,0.7498119841103925,0.05675182495521368,-0.27511676257678364,0
5440.0,484,1,0.33209213785344627,0.7120378749522367,1.2595425533852433,-1.4563635488330868,0,0.5346887638807577,0.43176388413063366,-0.3280543732323125,0
1831.0,44,1,-0.08475991802954058,0.057440885798261204,0.039449669899376885,0.4880470637611546,2,-0.003119286693329313,-1.2557903821587562,-0.11630393061019706,1
8304.0,501,0,0.33209213785344627,2.0212318532601876,1.2595425533852433,0.4880470637611546,0,-0.2182425069229641,0.24425785454292354,-1.1750561437207743,0
2593.0,151,0,0.33209213785344627,-0.10620836149023268,-0.06222473705777866,1.4602523700582752,0,-1.293858608071138,1.1817880024814733,0.624822618567207,0
6954.0,326,0,-1.0574147150898432,0.057440885798261204,1.0561937394709324,-0.4841582425359661,2,-0.003119286693329313,-1.318292392021326,-1.0691809224097166,0
8842.0,671,0,-1.0574147150898432,0.057440885798261204,1.0561937394709324,1.4602523700582752,1,-1.293858608071138,0.05675182495521368,-0.11630393061019706,1
6339.0,657,1,0.33209213785344627,-0.924454597932702,-0.06222473705777866,-1.4563635488330868,1,-1.9392282687600424,-0.7557743032581962,-0.6456800371654857,1
8903.0,871,0,0.6099935084421042,2.0212318532601876,1.2595425533852433,1.4602523700582752,2,-1.9392282687600424,0.24425785454292354,-0.3280543732323125,1
3835.0,907,1,0.7489441937364332,-0.10620836149023268,0.7511705185994657,1.4602523700582752,1,-0.2182425069229641,-0.5057662638079161,-1.1221185330652454,0
3886.0,186,0,-2.169020197444475,0.38473938037524896,0.8528449255566213,0.4880470637611546,1,0.8573735942252099,0.9317799630311934,-0.1692415412657259,0
9098.0,129,1,0.6099935084421042,1.2029856168177184,-1.2823176205436453,1.4602523700582752,1,-0.003119286693329313,0.8692779531686233,0.7836354505337936,1
8421.0,787,0,-2.169020197444475,0.7120378749522367,0.8528449255566213,-0.4841582425359661,0,1.2876200346844795,0.6192699137183435,-0.3809919838878414,0
5989.0,127,0,1.304746934913749,0.38473938037524896,0.8528449255566213,-0.4841582425359661,1,-0.8636121676118684,-0.25575822435763623,-1.0162433117541878,0
2022.0,288,0,-0.5016119739125274,-0.43350685606722045,0.039449669899376885,0.4880470637611546,2,0.7498119841103925,1.1817880024814733,-1.3868065863428898,1
8073.0,309,0,1.304746934913749,-1.5790515870866775,-1.790689655329423,-1.4563635488330868,2,-0.8636121676118684,-0.8182763131207661,-0.8574304797876011,0
3278.0,444,1,-0.5016119739125274,-1.5790515870866775,1.0561937394709324,-1.4563635488330868,0,0.5346887638807577,1.6193020715194633,-0.0633663199546682,1
3200.0,672,1,0.6099935084421042,-0.43350685606722045,-1.2823176205436453,-0.4841582425359661,1,-1.9392282687600424,1.5568000616568936,-1.0162433117541878,1
3248.0,819,0,-0.08475991802954058,0.7120378749522367,-1.790689655329423,1.4602523700582752,0,-0.2182425069229641,0.05675182495521368,0.41307217594509155,0
7303.0,423,0,0.8878948790307621,-1.2517530925096898,-1.790689655329423,1.4602523700582752,0,0.8573735942252099,0.05675182495521368,0.9953858931559091,1
9220.0,749,0,-2.169020197444475,-0.924454597932702,0.8528449255566213,-0.4841582425359661,0,-0.003119286693329313,0.24425785454292354,0.9424482825003802,0
2854.0,481,0,0.6099935084421042,0.057440885798261204,0.039449669899376885,0.4880470637611546,2,-0.8636121676118684,-1.2557903821587562,0.624822618567207,1
5017.0,400,0,0.6099935084421042,-0.924454597932702,0.8528449255566213,0.4880470637611546,1,-0.003119286693329313,1.3067920222066134,0.3601345652895627,1
8681.0,207,0,-0.5016119739125274,-0.10620836149023268,0.8528449255566213,-0.4841582425359661,2,1.0724968144548446,1.4942980517943232,-0.4868672051988991,0
3744.0,701,1,0.7489441937364332,0.057440885798261204,0.8528449255566213,0.4880470637611546,0,-0.2182425069229641,0.3067598644054936,0.4660097866006204,1
5780.0,643,1,0.33209213785344627,-0.10620836149023268,0.7511705185994657,-1.4563635488330868,1,0.7498119841103925,1.1817880024814733,-0.539804815854428,0
5396.5,154,0,0.33209213785344627,0.057440885798261204,0.039449669899376885,0.4880470637611546,1,-1.293858608071138,1.369294032069183,1.048323503811438,1
8317.0,136,0,-1.0574147150898432,0.057440885798261204,1.2595425533852433,-0.4841582425359661,0,-0.8636121676118684,1.1817880024814733,-0.3280543732323125,1
5396.5,937,1,-0.08475991802954058,-1.5790515870866775,-1.790689655329423,1.4602523700582752,1,-0.2182425069229641,0.7442739334434836,-0.91036809044313,1
6653.0,215,1,0.33209213785344627,0.38473938037524896,0.039449669899376885,-0.4841582425359661,2,-1.9392282687600424,-0.00575018490735636,0.14838412266744727,1
7222.0,257,0,-0.08475991802954058,0.057440885798261204,-1.2823176205436453,0.4880470637611546,2,-0.003119286693329313,-0.6307702835330562,0.04250890135638953,0
6172.0,25,1,0.6099935084421042,-0.924454597932702,1.0561937394709324,-1.4563635488330868,1,0.5346887638807577,-0.44326425394534624,-0.539804815854428,1
5183.0,752,0,-0.08475991802954058,1.2029856168177184,0.8528449255566213,1.4602523700582752,1,1.0724968144548446,0.6192699137183435,-0.8574304797876011,0
9972.0,350,1,-0.08475991802954058,0.38473938037524896,0.039449669899376885,-1.4563635488330868,0,-0.8636121676118684,-1.193288372296186,-0.0633663199546682,0
4594.0,450,0,0.33209213785344627,1.2029856168177184,0.039449669899376885,-0.4841582425359661,1,0.7498119841103925,-1.318292392021326,0.5718850079116782,1
2995.0,117,1,0.6099935084421042,0.7120378749522367,-1.2823176205436453,-1.4563635488330868,1,0.8573735942252099,0.9942819728937634,-0.8574304797876011,1
4018.0,567,0,0.33209213785344627,-0.10620836149023268,0.7511705185994657,-0.4841582425359661,2,-1.9392282687600424,0.6817719235809135,0.7836354505337936,1
5216.0,143,1,0.6099935084421042,0.057440885798261204,0.039449669899376885,-1.4563635488330868,2,1.0724968144548446,1.6193020715194633,-0.0633663199546682,0
3915.0,892,0,0.6099935084421042,-0.10620836149023268,1.2595425533852433,1.4602523700582752,2,-1.293858608071138,0.4942658939932037,-1.1221185330652454,1
9857.0,884,0,0.8878948790307621,0.7120378749522367,0.7511705185994657,-0.4841582425359661,1,0.5346887638807577,-1.193288372296186,-1.227993754376303,1
5105.0,50,0,-0.08475991802954058,-0.10620836149023268,-1.2823176205436453,-0.4841582425359661,0,-1.9392282687600424,-0.6932722933956261,0.8895106718448513,0
7411.0,945,1,-0.5016119739125274,-0.10620836149023268,-0.06222473705777866,-1.4563635488330868,2,0.7498119841103925,0.18175584468035377,-1.4397441969984186,0
8898.0,582,1,0.7489441937364332,-0.924454597932702,1.0561937394709324,-0.4841582425359661,1,0.5346887638807577,-0.25575822435763623,0.6777602292227359,1
6985.0,723,0,0.6099935084421042,-0.10620836149023268,0.039449669899376885,1.4602523700582752,0,-0.8636121676118684,-1.3807944018838958,-0.1692415412657259,1
5896.0,905,0,0.6099935084421042,2.0212318532601876,-0.06222473705777866,0.4880470637611546,1,-0.2182425069229641,0.8067759433060536,-1.0162433117541878,1
4163.0,44,1,0.7489441937364332,1.2029856168177184,-0.06222473705777866,-1.4563635488330868,0,-0.8636121676118684,0.4942658939932037,0.20132173332297612,0
1268.0,916,1,1.304746934913749,-0.43350685606722045,1.0561937394709324,-0.4841582425359661,2,0.7498119841103925,-0.8182763131207661,-0.0633663199546682,0
9791.0,123,1,0.7489441937364332,1.2029856168177184,0.7511705185994657,-0.4841582425359661,1,-1.293858608071138,-0.00575018490735636,-1.3868065863428898,0
1750.0,957,1,-1.0574147150898432,-0.43350685606722045,-1.2823176205436453,-0.4841582425359661,2,0.7498119841103925,-0.0682521947699264,-0.91036809044313,1
2742.0,59,1,-0.08475991802954058,0.7120378749522367,0.8528449255566213,1.4602523700582752,0,1.2876200346844795,-0.1932562144950662,1.048323503811438,0
6312.0,239,1,0.33209213785344627,-0.924454597932702,-1.2823176205436453,-0.4841582425359661,0,-0.003119286693329313,0.3692618742680636,-0.3280543732323125,1
5396.5,675,0,-1.0574147150898432,-1.5790515870866775,-1.2823176205436453,-0.4841582425359661,1,-1.293858608071138,-0.13075420463249615,0.5189473972561492,1
3185.0,926,1,0.7489441937364332,-1.5790515870866775,-1.2823176205436453,-0.4841582425359661,2,0.7498119841103925,-1.5057984216090359,-0.8574304797876011,1
5648.0,200,0,-0.08475991802954058,-1.2517530925096898,1.2595425533852433,-1.4563635488330868,1,0.5346887638807577,0.11925383481778372,-0.0633663199546682,1
3859.0,837,1,0.7489441937364332,-1.2517530925096898,-0.06222473705777866,1.4602523700582752,0,0.5346887638807577,-0.44326425394534624,-1.4397441969984186,1
4144.0,508,1,-0.5016119739125274,0.38473938037524896,0.8528449255566213,-0.4841582425359661,1,-0.8636121676118684,-0.8182763131207661,1.1541987251224957,1
5528.0,231,1,0.8878948790307621,0.38473938037524896,-1.2823176205436453,-0.4841582425359661,2,-0.003119286693329313,-1.005782342708476,-1.333868975687361,1
6966.0,458,0,0.8878948790307621,-1.5790515870866775,0.44614729772799905,-0.4841582425359661,1,-0.003119286693329313,-1.3807944018838958,-0.0633663199546682,1
9804.0,338,1,-1.0574147150898432,-0.43350685606722045,-0.06222473705777866,0.4880470637611546,0,0.7498119841103925,1.3067920222066134,0.9953858931559091,0
6340.0,503,0,0.8878948790307621,2.0212318532601876,1.2595425533852433,0.4880470637611546,2,1.2876200346844795,-1.193288372296186,1.048323503811438,0
4276.0,452,0,0.8878948790307621,0.38473938037524896,-0.06222473705777866,1.4602523700582752,2,-0.003119286693329313,1.3067920222066134,-0.9633057010986589,1
8454.0,500,1,-2.169020197444475,2.0212318532601876,-1.2823176205436453,-0.4841582425359661,1,1.2876200346844795,0.4942658939932037,-0.539804815854428,1
6503.0,332,1,-0.08475991802954058,0.7120378749522367,0.039449669899376885,0.4880470637611546,0,0.7498119841103925,1.1817880024814733,0.0954465120119184,0
3804.0,428,0,0.8878948790307621,0.057440885798261204,0.8528449255566213,-1.4563635488330868,1,0.8573735942252099,1.3067920222066134,0.4660097866006204,1
2416.0,952,0,-0.5016119739125274,-0.10620836149023268,1.2595425533852433,1.4602523700582752,2,-0.003119286693329313,-0.6307702835330562,0.9953858931559091,0
5041.0,670,1,1.304746934913749,-1.5790515870866775,0.8528449255566213,1.4602523700582752,1,-1.293858608071138,1.369294032069183,-1.4397441969984186,0
1724.0,368,1,-0.08475991802954058,-0.924454597932702,0.039449669899376885,-1.4563635488330868,1,-1.9392282687600424,-0.00575018490735636,0.8895106718448513,1
8412.0,184,1,0.8878948790307621,0.057440885798261204,-0.7739455857578674,-0.4841582425359661,1,-1.9392282687600424,1.4317960419317535,-1.0162433117541878,0
5846.0,683,1,0.6099935084421042,-0.43350685606722045,0.039449669899376885,0.4880470637611546,0,-0.2182425069229641,1.1817880024814733,1.048323503811438,1
8452.0,667,0,-1.0574147150898432,-1.5790515870866775,-1.2823176205436453,-0.4841582425359661,1,-0.2182425069229641,0.6817719235809135,-1.4397441969984186,1
7305.0,381,0,-0.5016119739125274,-0.43350685606722045,0.44614729772799905,-1.4563635488330868,2,0.8573735942252099,0.18175584468035377,1.2071363357780245,1
2326.0,44,0,-0.08475991802954058,-0.924454597932702,1.0561937394709324,-0.4841582425359661,0,-1.9392282687600424,-0.3807622440827762,0.624822618567207,1
6989.0,363,0,-1.0574147150898432,-0.924454597932702,0.7511705185994657,0.4880470637611546,1,1.2876200346844795,-1.0682843525710461,-0.3280543732323125,1
9841.0,476,1,-0.08475991802954058,0.7120378749522367,1.2595425533852433,1.4602523700582752,2,1.0724968144548446,1.3067920222066134,-0.0633663199546682,0
5540.0,574,1,0.6099935084421042,2.0212318532601876,1.0561937394709324,-0.4841582425359661,2,-0.8636121676118684,0.11925383481778372,-1.0691809224097166,0
9714.0,304,0,-0.08475991802954058,0.7120378749522367,1.0561937394709324,0.4880470637611546,0,-0.2182425069229641,-1.2557903821587562,-0.11630393061019706,1
5724.0,134,1,0.6099935084421042,-1.2517530925096898,0.44614729772799905,0.4880470637611546,0,-1.293858608071138,0.05675182495521368,-0.7515552584765434,1
5803.0,690,0,-0.5016119739125274,-1.2517530925096898,-0.06222473705777866,-0.4841582425359661,2,-0.2182425069229641,0.8067759433060536,-1.3868065863428898,0
4097.0,849,1,-0.08475991802954058,0.057440885798261204,-0.7739455857578674,-0.4841582425359661,2,0.8573735942252099,-0.44326425394534624,0.7306978398782648,0
8965.0,361,0,-0.08475991802954058,0.057440885798261204,0.039449669899376885,-1.4563635488330868,2,-1.293858608071138,0.9317799630311934,-0.6986176478210145,0
7093.0,77,0,-0.08475991802954058,-1.2517530925096898,1.0561937394709324,0.4880470637611546,2,-1.293858608071138,0.43176388413063366,-0.91036809044313,0
3986.0,193,1,-1.0574147150898432,-1.2517530925096898,1.2595425533852433,0.4880470637611546,0,1.0724968144548446,0.3067598644054936,0.04250890135638953,0
7056.0,531,1,0.8878948790307621,0.057440885798261204,0.039449669899376885,-0.4841582425359661,2,-1.293858608071138,-0.3182602342202063,0.3601345652895627,1
9743.0,696,0,0.6099935084421042,-0.43350685606722045,-1.790689655329423,-0.4841582425359661,0,-0.2182425069229641,1.369294032069183,-0.0633663199546682,1
9948.0,888,1,0.33209213785344627,-0.10620836149023268,0.44614729772799905,1.4602523700582752,0,-1.293858608071138,0.9942819728937634,0.9953858931559091,0
6549.0,44,1,-0.08475991802954058,-0.43350685606722045,0.039449669899376885,0.4880470637611546,0,0.5346887638807577,-1.443296411746466,0.624822618567207,1
8306.0,236,0,0.6099935084421042,2.0212318532601876,0.039449669899376885,1.4602523700582752,1,1.2876200346844795,0.3067598644054936,-0.6986176478210145,0
4206.0,543,1,0.6099935084421042,0.057440885798261204,-0.06222473705777866,0.4880470637611546,1,-1.9392282687600424,-0.8807783229833361,-0.3809919838878414,1
6915.0,610,0,-1.0574147150898432,-1.5790515870866775,1.0561937394709324,-1.4563635488330868,2,-0.003119286693329313,-0.6307702835330562,-0.27511676257678364,0
8300.0,284,1,0.8878948790307621,-0.10620836149023268,-1.790689655329423,-0.4841582425359661,2,-1.293858608071138,0.9942819728937634,-0.010428709299139331,0
5396.5,177,1,-1.0574147150898432,1.2029856168177184,0.44614729772799905,-0.4841582425359661,1,1.0724968144548446,-1.318292392021326,0.5189473972561492,0
2449.0,185,1,-2.169020197444475,0.057440885798261204,-1.790689655329423,-1.4563635488330868,1,-0.2182425069229641,0.7442739334434836,1.1012611144669668,1
4264.0,109,1,-2.169020197444475,0.057440885798261204,-0.7739455857578674,-0.4841582425359661,0,0.5346887638807577,1.1192859926189036,-0.4339295945433702,0
8593.0,82,1,-0.08475991802954058,-0.43350685606722045,-1.2823176205436453,0.4880470637611546,2,-0.2182425069229641,-1.130786362433616,0.7836354505337936,0
7834.0,648,1,-0.08475991802954058,1.2029856168177184,0.039449669899376885,0.4880470637611546,2,-0.2182425069229641,1.6193020715194633,-1.227993754376303,0
8872.0,595,0,0.33209213785344627,0.057440885798261204,0.7511705185994657,-0.4841582425359661,1,0.8573735942252099,-1.443296411746466,-0.5927424265099568,1
1958.0,494,1,1.304746934913749,-0.10620836149023268,-1.2823176205436453,-0.4841582425359661,0,-0.003119286693329313,-0.6307702835330562,-0.0633663199546682,1
1798.0,489,0,0.33209213785344627,-0.924454597932702,0.7511705185994657,0.4880470637611546,0,-1.293858608071138,0.8692779531686233,0.5718850079116782,1
9908.0,425,0,1.304746934913749,0.057440885798261204,0.44614729772799905,-0.4841582425359661,0,-0.8636121676118684,0.3067598644054936,-0.9633057010986589,1
3243.0,900,0,1.304746934913749,-0.10620836149023268,-1.790689655329423,-0.4841582425359661,0,0.7498119841103925,-0.8182763131207661,0.25425934397850497,1
5396.5,10,1,-2.169020197444475,-0.10620836149023268,0.7511705185994657,0.4880470637611546,0,-0.003119286693329313,-0.00575018490735636,-0.4339295945433702,0
3277.0,498,1,0.7489441937364332,-0.924454597932702,1.0561937394709324,-1.4563635488330868,1,0.5346887638807577,-1.443296411746466,-1.0691809224097166,1
3108.0,490,1,0.8878948790307621,0.057440885798261204,-1.2823176205436453,1.4602523700582752,0,0.7498119841103925,-0.1932562144950662,1.1012611144669668,1
2273.0,613,1,-0.08475991802954058,-1.5790515870866775,0.039449669899376885,1.4602523700582752,0,-0.003119286693329313,0.05675182495521368,0.25425934397850497,1
8685.0,569,1,0.33209213785344627,-0.43350685606722045,0.039449669899376885,0.4880470637611546,1,-0.003119286693329313,0.8692779531686233,1.2071363357780245,1
4365.0,80,1,-1.0574147150898432,2.0212318532601876,0.039449669899376885,0.4880470637611546,0,0.5346887638807577,1.4317960419317535,-0.27511676257678364,0
3630.0,577,1,-0.5016119739125274,0.7120378749522367,0.7511705185994657,0.4880470637611546,1,-0.003119286693329313,0.11925383481778372,0.9424482825003802,1
5617.0,663,1,-0.5016119739125274,-0.43350685606722045,0.7511705185994657,1.4602523700582752,1,-0.2182425069229641,-0.3807622440827762,0.5189473972561492,1
8203.0,238,1,-1.0574147150898432,2.0212318532601876,-1.790689655329423,-1.4563635488330868,0,-0.8636121676118684,-4.630898914737536,6.500897401330911,0
3025.0,285,0,0.6099935084421042,-0.924454597932702,-1.2823176205436453,-0.4841582425359661,2,0.5346887638807577,0.24425785454292354,-1.333868975687361,1
6375.0,539,0,0.33209213785344627,-1.5790515870866775,0.44614729772799905,-0.4841582425359661,1,0.5346887638807577,0.6192699137183435,0.04250890135638953,1
7672.0,44,0,-2.169020197444475,1.2029856168177184,0.7511705185994657,-0.4841582425359661,0,1.0724968144548446,-0.9432803328459062,0.8365730611893225,0
2723.0,84,0,-0.08475991802954058,-0.924454597932702,0.7511705185994657,0.4880470637611546,0,-1.9392282687600424,-0.25575822435763623,0.5189473972561492,1
3764.0,552,1,1.304746934913749,1.2029856168177184,1.0561937394709324,1.4602523700582752,1,-1.9392282687600424,-1.130786362433616,-0.010428709299139331,0
5563.0,863,0,-2.169020197444475,2.0212318532601876,-0.06222473705777866,1.4602523700582752,2,-0.2182425069229641,0.11925383481778372,-0.9633057010986589,0
2770.0,768,1,0.33209213785344627,-0.10620836149023268,-0.06222473705777866,1.4602523700582752,1,-1.293858608071138,-1.443296411746466,1.048323503811438,1
2117.0,345,0,-0.08475991802954058,-1.2517530925096898,-1.790689655329423,1.4602523700582752,1,1.0724968144548446,-1.005782342708476,0.624822618567207,1
2253.0,44,0,-0.08475991802954058,1.2029856168177184,0.44614729772799905,-0.4841582425359661,2,-0.8636121676118684,-0.6932722933956261,-0.3280543732323125,1
1517.0,49,0,0.6099935084421042,-1.5790515870866775,-0.06222473705777866,-0.4841582425359661,2,-0.2182425069229641,-0.0682521947699264,-1.333868975687361,1
5965.0,515,1,-0.08475991802954058,-1.5790515870866775,-1.2823176205436453,0.4880470637611546,1,-1.9392282687600424,-0.00575018490735636,-1.0691809224097166,0
9837.0,378,0,-0.08475991802954058,-0.924454597932702,-1.2823176205436453,0.4880470637611546,0,-1.9392282687600424,-0.6932722933956261,0.5189473972561492,0
6779.0,390,0,1.304746934913749,-0.43350685606722045,0.039449669899376885,1.4602523700582752,0,-1.293858608071138,1.1192859926189036,-0.27511676257678364,1
6591.0,249,0,0.6099935084421042,-1.5790515870866775,1.0561937394709324,-0.4841582425359661,2,1.0724968144548446,-1.318292392021326,-0.6456800371654857,1
4844.0,731,0,0.7489441937364332,0.38473938037524896,0.7511705185994657,0.4880470637611546,0,1.0724968144548446,-1.005782342708476,0.3601345652895627,0
1612.0,90,0,-2.169020197444475,0.7120378749522367,-0.7739455857578674,-1.4563635488330868,2,-0.003119286693329313,0.6817719235809135,0.5189473972561492,1
6185.0,176,0,0.33209213785344627,-1.5790515870866775,1.0561937394709324,1.4602523700582752,0,-0.2182425069229641,-1.193288372296186,0.8365730611893225,1
6504.0,805,0,-0.5016119739125274,2.0212318532601876,-1.2823176205436453,1.4602523700582752,2,1.0724968144548446,1.4942980517943232,-0.8044928691320723,0
2234.0,101,1,0.33209213785344627,0.057440885798261204,0.039449669899376885,0.4880470637611546,1,-1.9392282687600424,0.9942819728937634,0.624822618567207,1
2552.0,27,0,0.33209213785344627,0.38473938037524896,0.8528449255566213,0.4880470637611546,2,-1.9392282687600424,-0.8807783229833361,1.2071363357780245,1
5945.0,838,0,-2.169020197444475,-0.924454597932702,1.0561937394709324,1.4602523700582752,2,-1.9392282687600424,-0.6932722933956261,0.25425934397850497,0
9971.0,228,1,-0.08475991802954058,-0.924454597932702,-1.2823176205436453,1.4602523700582752,2,1.2876200346844795,0.5567679038557735,1.048323503811438,0
5396.5,462,0,0.7489441937364332,-0.43350685606722045,-0.7739455857578674,1.4602523700582752,2,-0.2182425069229641,-1.0682843525710461,-0.9633057010986589,0
8133.0,44,0,1.304746934913749,0.38473938037524896,1.2595425533852433,-1.4563635488330868,2,0.5346887638807577,0.4942658939932037,-0.5927424265099568,1
7649.0,775,1,0.6099935084421042,-1.2517530925096898,1.2595425533852433,-0.4841582425359661,0,0.5346887638807577,-0.0682521947699264,0.41307217594509155,0
7914.0,7,1,0.8878948790307621,-1.2517530925096898,0.44614729772799905,-1.4563635488330868,0,0.5346887638807577,0.9317799630311934,-0.539804815854428,1
1691.0,786,0,-0.08475991802954058,-0.43350685606722045,0.7511705185994657,-0.4841582425359661,1,0.5346887638807577,1.1817880024814733,-0.0633663199546682,0
2479.0,505,0,-1.0574147150898432,1.2029856168177184,0.7511705185994657,1.4602523700582752,1,-0.8636121676118684,1.4317960419317535,0.30719695463403385,0
9133.0,843,1,0.8878948790307621,0.7120378749522367,0.7511705185994657,-0.4841582425359661,2,0.8573735942252099,0.8067759433060536,1.048323503811438,1
7928.0,792,1,-1.0574147150898432,0.38473938037524896,-1.2823176205436453,1.4602523700582752,2,-0.2182425069229641,-0.25575822435763623,0.5189473972561492,1
9034.0,875,0,0.6099935084421042,2.0212318532601876,-0.7739455857578674,-1.4563635488330868,0,1.2876200346844795,1.4942980517943232,1.2071363357780245,1
6947.0,812,0,1.304746934913749,0.057440885798261204,0.039449669899376885,1.4602523700582752,0,-0.003119286693329313,0.6817719235809135,1.2071363357780245,1
5144.0,44,0,0.33209213785344627,2.0212318532601876,0.7511705185994657,0.4880470637611546,0,-0.2182425069229641,-0.3182602342202063,-0.11630393061019706,0
5929.0,160,1,0.8878948790307621,0.057440885798261204,1.2595425533852433,-1.4563635488330868,2,1.0724968144548446,1.2442900123440437,1.1541987251224957,0
1555.0,874,0,0.6099935084421042,-0.10620836149023268,-0.06222473705777866,-1.4563635488330868,2,-1.9392282687600424,1.2442900123440437,-1.1221185330652454,1
5275.0,408,1,1.304746934913749,-1.5790515870866775,0.8528449255566213,0.4880470637611546,1,-0.003119286693329313,-0.0682521947699264,-1.3868065863428898,1
4010.0,424,0,-1.0574147150898432,-0.43350685606722045,-1.790689655329423,1.4602523700582752,1,0.5346887638807577,-0.5057662638079161,-1.1750561437207743,1
3585.0,677,1,-0.5016119739125274,-1.2517530925096898,0.8528449255566213,-1.4563635488330868,2,-0.2182425069229641,-0.00575018490735636,1.048323503811438,1
5270.0,348,1,0.7489441937364332,2.0212318532601876,0.44614729772799905,1.4602523700582752,0,-1.9392282687600424,-0.3807622440827762,-0.11630393061019706,0
4677.0,790,1,-0.08475991802954058,-0.924454597932702,0.8528449255566213,1.4602523700582752,0,-0.2182425069229641,-0.8807783229833361,0.8895106718448513,1
5396.5,936,0,0.7489441937364332,-1.5790515870866775,0.8528449255566213,0.4880470637611546,0,0.7498119841103925,1.4942980517943232,-0.91036809044313,1
1231.0,679,0,-0.08475991802954058,-0.10620836149023268,0.7511705185994657,1.4602523700582752,1,1.2876200346844795,-0.8807783229833361,1.2071363357780245,0
5717.0,845,0,-2.169020197444475,-1.2517530925096898,-1.790689655329423,1.4602523700582752,1,1.2876200346844795,1.6193020715194633,-0.4868672051988991,1
5396.5,433,1,-2.169020197444475,-1.2517530925096898,0.039449669899376885,0.4880470637611546,2,1.2876200346844795,0.43176388413063366,-0.6456800371654857,0
8506.0,474,1,-0.08475991802954058,-0.10620836149023268,-1.2823176205436453,-0.4841582425359661,1,-1.9392282687600424,0.6192699137183435,0.9424482825003802,0
7935.0,44,0,0.6099935084421042,0.38473938037524896,-0.7739455857578674,-0.4841582425359661,0,1.0724968144548446,1.4317960419317535,0.14838412266744727,0
1745.0,487,1,0.33209213785344627,-0.924454597932702,0.8528449255566213,-1.4563635488330868,2,-1.9392282687600424,0.6192699137183435,-1.0162433117541878,1
3938.0,901,0,0.33209213785344627,-0.924454597932702,-0.06222473705777866,-0.4841582425359661,2,-1.293858608071138,-1.2557903821587562,0.9424482825003802,0
3323.0,169,0,0.6099935084421042,2.0212318532601876,0.039449669899376885,-1.4563635488330868,2,0.5346887638807577,0.8067759433060536,-0.010428709299139331,0
5312.0,912,0,-0.5016119739125274,2.0212318532601876,-1.790689655329423,-1.4563635488330868,2,-0.2182425069229641,0.8692779531686233,-0.9633057010986589,0
1871.0,261,1,-1.0574147150898432,-0.43350685606722045,1.2595425533852433,-1.4563635488330868,0,-0.2182425069229641,-0.6932722933956261,0.9424482825003802,0
8150.0,148,1,-0.08475991802954058,-0.43350685606722045,0.039449669899376885,-0.4841582425359661,1,-0.8636121676118684,-0.00575018490735636,0.20132173332297612,1
3425.0,953,1,1.304746934913749,0.38473938037524896,1.2595425533852433,0.4880470637611546,0,-1.293858608071138,0.05675182495521368,-0.539804815854428,1
1067.0,587,1,-2.169020197444475,0.38473938037524896,1.2595425533852433,-0.4841582425359661,1,0.7498119841103925,1.2442900123440437,-1.3868065863428898,0
2998.0,188,0,1.304746934913749,0.057440885798261204,0.7511705185994657,-0.4841582425359661,0,-0.003119286693329313,-1.2557903821587562,0.9424482825003802,0
8439.0,839,0,0.7489441937364332,-0.43350685606722045,1.0561937394709324,-0.4841582425359661,1,0.8573735942252099,1.4942980517943232,-0.3809919838878414,1
4463.0,171,1,0.33209213785344627,2.0212318532601876,0.039449669899376885,0.4880470637611546,1,0.8573735942252099,-0.3182602342202063,-0.11630393061019706,0
3916.0,116,1,-2.169020197444475,0.38473938037524896,0.039449669899376885,1.4602523700582752,0,-1.9392282687600424,0.9317799630311934,-0.4868672051988991,1
2975.0,824,0,-0.08475991802954058,-1.5790515870866775,0.44614729772799905,1.4602523700582752,0,1.0724968144548446,0.5567679038557735,-0.22217915192125479,1
9021.0,167,0,-2.169020197444475,-0.10620836149023268,0.44614729772799905,1.4602523700582752,1,-1.9392282687600424,-1.193288372296186,-0.010428709299139331,0
4053.0,882,0,-2.169020197444475,0.38473938037524896,0.039449669899376885,0.4880470637611546,2,-0.2182425069229641,0.6192699137183435,0.7306978398782648,1
9115.0,865,1,0.33209213785344627,-0.10620836149023268,-1.790689655329423,0.4880470637611546,2,0.5346887638807577,-1.0682843525710461,-0.0633663199546682,0
5073.0,685,0,0.33209213785344627,0.7120378749522367,0.039449669899376885,0.4880470637611546,0,-0.003119286693329313,0.11925383481778372,0.25425934397850497,0
7766.0,163,1,-0.08475991802954058,0.7120378749522367,0.44614729772799905,-0.4841582425359661,2,0.8573735942252099,-1.2557903821587562,0.25425934397850497,1
2866.0,439,0,-1.0574147150898432,-1.2517530925096898,-1.790689655329423,-0.4841582425359661,0,-1.9392282687600424,1.2442900123440437,-0.4339295945433702,0
8454.0,908,0,0.7489441937364332,0.057440885798261204,1.0561937394709324,-1.4563635488330868,0,-1.293858608071138,-1.2557903821587562,0.5718850079116782,0
2742.0,394,0,-0.5016119739125274,-0.43350685606722045,0.039449669899376885,-1.4563635488330868,0,-0.003119286693329313,-0.9432803328459062,-0.0633663199546682,0
7637.0,661,0,0.33209213785344627,0.7120378749522367,0.8528449255566213,-0.4841582425359661,1,-1.9392282687600424,0.9942819728937634,-1.1750561437207743,1
3213.0,170,1,0.8878948790307621,0.38473938037524896,0.039449669899376885,1.4602523700582752,0,1.2876200346844795,-0.00575018490735636,-0.9633057010986589,1
8139.0,572,1,0.6099935084421042,0.057440885798261204,-0.06222473705777866,-1.4563635488330868,2,-1.9392282687600424,-1.443296411746466,-0.91036809044313,1
8295.0,571,0,-0.08475991802954058,-0.43350685606722045,-0.06222473705777866,1.4602523700582752,0,1.2876200346844795,-0.5682682736704862,-0.11630393061019706,1
6469.0,61,1,0.6099935084421042,-1.5790515870866775,-1.790689655329423,-0.4841582425359661,1,0.8573735942252099,0.3692618742680636,0.41307217594509155,0
1606.0,612,0,-2.169020197444475,0.057440885798261204,-0.7739455857578674,1.4602523700582752,1,-0.003119286693329313,1.4317960419317535,0.20132173332297612,1
1994.0,960,1,-2.169020197444475,0.7120378749522367,1.0561937394709324,0.4880470637611546,0,0.5346887638807577,1.3067920222066134,-0.0633663199546682,0
2915.0,502,0,0.7489441937364332,2.0212318532601876,-0.06222473705777866,-1.4563635488330868,0,-1.293858608071138,-0.6307702835330562,-0.8044928691320723,0
6633.0,85,0,0.8878948790307621,-0.924454597932702,1.2595425533852433,1.4602523700582752,1,1.0724968144548446,1.369294032069183,0.9424482825003802,0
3148.0,377,0,-2.169020197444475,-1.5790515870866775,1.0561937394709324,-0.4841582425359661,0,0.8573735942252099,-0.8807783229833361,0.8895106718448513,1
8911.0,482,1,-1.0574147150898432,1.2029856168177184,-1.2823176205436453,1.4602523700582752,2,0.7498119841103925,0.9942819728937634,0.20132173332297612,0
4845.0,518,1,-0.5016119739125274,-0.43350685606722045,0.039449669899376885,-0.4841582425359661,2,1.0724968144548446,0.6192699137183435,-0.8574304797876011,1
2043.0,681,0,-2.169020197444475,0.38473938037524896,0.8528449255566213,1.4602523700582752,0,-0.8636121676118684,-0.8182763131207661,-0.5927424265099568,0
6820.0,894,1,-0.5016119739125274,0.057440885798261204,-1.2823176205436453,0.4880470637611546,1,0.7498119841103925,0.6817719235809135,0.04250890135638953,0
2817.0,0,1,0.7489441937364332,0.7120378749522367,0.7511705185994657,0.4880470637611546,0,-0.8636121676118684,-1.193288372296186,0.6777602292227359,1
4365.0,674,0,-1.0574147150898432,0.057440885798261204,-0.06222473705777866,0.4880470637611546,2,0.7498119841103925,-1.005782342708476,-0.22217915192125479,0
3257.0,932,1,0.8878948790307621,-0.10620836149023268,-1.790689655329423,-0.4841582425359661,0,-0.2182425069229641,-0.44326425394534624,0.25425934397850497,1
2396.0,98,0,1.304746934913749,-1.5790515870866775,1.0561937394709324,1.4602523700582752,0,-0.8636121676118684,-0.1932562144950662,-0.6986176478210145,1
8025.0,470,0,0.33209213785344627,-0.10620836149023268,-0.7739455857578674,-0.4841582425359661,0,-0.2182425069229641,-1.0682843525710461,-1.4397441969984186,1
2389.0,944,0,0.33209213785344627,-1.5790515870866775,-1.2823176205436453,-1.4563635488330868,0,-0.003119286693329313,0.8692779531686233,0.7836354505337936,1
1947.0,559,0,-2.169020197444475,-1.5790515870866775,0.039449669899376885,0.4880470637611546,1,1.0724968144548446,1.3067920222066134,-1.4397441969984186,0
9647.0,918,1,-2.169020197444475,-0.10620836149023268,1.2595425533852433,0.4880470637611546,1,0.8573735942252099,0.5567679038557735,0.8895106718448513,0
7627.0,585,1,0.33209213785344627,0.38473938037524896,0.039449669899376885,0.4880470637611546,2,-1.9392282687600424,0.7442739334434836,1.048323503811438,1
5396.5,801,0,0.8878948790307621,0.38473938037524896,-0.7739455857578674,0.4880470637611546,2,-0.8636121676118684,0.05675182495521368,0.6777602292227359,1
1383.0,726,1,-0.5016119739125274,0.7120378749522367,0.44614729772799905,1.4602523700582752,2,-1.9392282687600424,1.5568000616568936,-1.0691809224097166,1
7110.0,380,0,-0.5016119739125274,2.0212318532601876,0.7511705185994657,-0.4841582425359661,1,0.7498119841103925,-0.13075420463249615,-0.0633663199546682,1
8424.0,588,0,0.8878948790307621,0.7120378749522367,0.8528449255566213,0.4880470637611546,1,1.2876200346844795,-0.3807622440827762,-0.4868672051988991,1
7187.0,230,1,0.6099935084421042,2.0212318532601876,-0.7739455857578674,1.4602523700582752,0,1.0724968144548446,-0.0682521947699264,-0.9633057010986589,0
7751.0,511,1,0.6099935084421042,-0.43350685606722045,-1.790689655329423,-1.4563635488330868,2,1.2876200346844795,-0.13075420463249615,-0.22217915192125479,0
9502.0,282,1,0.33209213785344627,0.7120378749522367,-0.06222473705777866,-1.4563635488330868,2,-0.2182425069229641,0.8067759433060536,-0.0633663199546682,1
3364.0,555,1,-0.08475991802954058,-0.10620836149023268,-1.2823176205436453,0.4880470637611546,1,0.7498119841103925,0.6817719235809135,0.0954465120119184,0
1534.0,750,1,-0.5016119739125274,2.0212318532601876,0.7511705185994657,1.4602523700582752,2,0.7498119841103925,-1.130786362433616,0.4660097866006204,0
1659.0,747,1,0.6099935084421042,2.0212318532601876,0.44614729772799905,-0.4841582425359661,2,0.5346887638807577,-0.00575018490735636,1.2071363357780245,1
3328.0,446,0,-0.08475991802954058,0.057440885798261204,0.44614729772799905,1.4602523700582752,0,-0.2182425069229641,-1.5057984216090359,0.41307217594509155,0
2106.0,550,1,-2.169020197444475,-0.10620836149023268,0.8528449255566213,0.4880470637611546,1,-0.2182425069229641,1.3067920222066134,1.2071363357780245,0
8786.0,108,1,-1.0574147150898432,-0.924454597932702,-0.06222473705777866,-0.4841582425359661,1,-0.2182425069229641,-1.0682843525710461,0.9953858931559091,0
2463.0,124,0,-2.169020197444475,1.2029856168177184,-1.790689655329423,-0.4841582425359661,1,-0.003119286693329313,1.4942980517943232,0.04250890135638953,0
2450.0,138,1,-0.08475991802954058,0.7120378749522367,0.44614729772799905,0.4880470637611546,1,0.7498119841103925,0.4942658939932037,-1.1750561437207743,1
9877.0,202,1,0.7489441937364332,-0.924454597932702,1.2595425533852433,-0.4841582425359661,1,-0.003119286693329313,-1.130786362433616,0.3601345652895627,1
1310.0,293,0,0.8878948790307621,1.2029856168177184,0.8528449255566213,-0.4841582425359661,0,-0.003119286693329313,0.3692618742680636,-0.11630393061019706,1
9052.0,407,1,1.304746934913749,0.057440885798261204,-1.2823176205436453,-1.4563635488330868,0,-0.8636121676118684,-0.5057662638079161,-0.5927424265099568,1
2878.0,477,1,-0.5016119739125274,-1.2517530925096898,0.44614729772799905,-1.4563635488330868,0,0.5346887638807577,0.8692779531686233,-0.9633057010986589,0
7672.0,187,1,-0.08475991802954058,0.7120378749522367,1.0561937394709324,-1.4563635488330868,0,-0.003119286693329313,-0.5682682736704862,-1.1221185330652454,0
3334.0,44,0,1.304746934913749,0.057440885798261204,-1.790689655329423,0.4880470637611546,0,1.2876200346844795,-0.7557743032581962,0.5718850079116782,1
9076.0,79,0,0.6099935084421042,0.057440885798261204,0.039449669899376885,-0.4841582425359661,2,-0.8636121676118684,-0.25575822435763623,-0.0633663199546682,1
7676.0,524,1,-0.08475991802954058,0.057440885798261204,-0.7739455857578674,1.4602523700582752,1,0.7498119841103925,-0.7557743032581962,0.41307217594509155,1
5990.0,566,0,-0.08475991802954058,0.38473938037524896,-0.7739455857578674,1.4602523700582752,0,1.0724968144548446,0.18175584468035377,-0.91036809044313,1
9806.0,269,0,-0.5016119739125274,-0.10620836149023268,0.039449669899376885,-0.4841582425359661,2,0.8573735942252099,-0.6307702835330562,-0.91036809044313,1
1985.0,251,0,0.33209213785344627,0.7120378749522367,0.039449669899376885,-0.4841582425359661,2,1.2876200346844795,0.3067598644054936,0.25425934397850497,0
1745.0,351,1,-0.5016119739125274,0.7120378749522367,0.7511705185994657,0.4880470637611546,0,-1.9392282687600424,0.6817719235809135,-1.0162433117541878,0
8077.0,607,1,0.7489441937364332,-0.924454597932702,1.0561937394709324,-0.4841582425359661,1,0.5346887638807577,1.5568000616568936,0.9424482825003802,0
5473.0,372,1,1.304746934913749,2.0212318532601876,1.2595425533852433,-0.4841582425359661,1,1.0724968144548446,-1.443296411746466,0.8895106718448513,1
5396.5,466,0,-0.08475991802954058,-0.43350685606722045,-1.2823176205436453,-1.4563635488330868,1,-0.2182425069229641,0.8692779531686233,0.3601345652895627,1
2270.0,858,1,-0.08475991802954058,0.38473938037524896,1.0561937394709324,-1.4563635488330868,1,1.0724968144548446,-0.3182602342202063,1.1541987251224957,1
3044.0,478,0,1.304746934913749,1.2029856168177184,-0.06222473705777866,-0.4841582425359661,0,-0.003119286693329313,0.8692779531686233,0.8365730611893225,0
4137.0,878,1,0.7489441937364332,0.057440885798261204,1.2595425533852433,1.4602523700582752,2,1.0724968144548446,-1.3807944018838958,0.20132173332297612,1
1116.0,920,1,-2.169020197444475,0.38473938037524896,0.039449669899376885,1.4602523700582752,1,-0.2182425069229641,-0.9432803328459062,-0.8044928691320723,1
2070.0,395,1,0.6099935084421042,-1.2517530925096898,0.44614729772799905,1.4602523700582752,0,-0.8636121676118684,0.7442739334434836,-0.539804815854428,1
1378.0,147,0,-0.5016119739125274,-0.10620836149023268,0.039449669899376885,-0.4841582425359661,1,-0.003119286693329313,-4.630898914737536,6.500897401330911,0
7666.0,9,0,0.6099935084421042,-0.924454597932702,-0.06222473705777866,-0.4841582425359661,2,-0.8636121676118684,0.8692779531686233,0.9953858931559091,1
1769.0,135,0,0.33209213785344627,-0.924454597932702,-0.06222473705777866,-0.4841582425359661,0,-1.9392282687600424,-0.8807783229833361,-1.1750561437207743,1
4696.0,253,0,0.6099935084421042,1.2029856168177184,1.2595425533852433,-1.4563635488330868,2,0.5346887638807577,-1.318292392021326,0.6777602292227359,1
1456.0,47,0,-2.169020197444475,-0.43350685606722045,0.8528449255566213,-0.4841582425359661,2,1.2876200346844795,-1.193288372296186,-0.6456800371654857,0
1891.0,788,0,0.33209213785344627,0.057440885798261204,0.7511705185994657,1.4602523700582752,1,-0.2182425069229641,0.8692779531686233,0.6777602292227359,0
3045.0,630,1,-0.08475991802954058,-0.43350685606722045,-1.790689655329423,-0.4841582425359661,1,0.7498119841103925,0.9317799630311934,-1.2809313650318321,0
1897.0,457,0,0.7489441937364332,-1.5790515870866775,0.7511705185994657,0.4880470637611546,1,-0.003119286693329313,0.24425785454292354,-0.4868672051988991,0
7581.0,401,1,0.7489441937364332,-1.5790515870866775,1.2595425533852433,1.4602523700582752,1,0.8573735942252099,-1.443296411746466,-0.1692415412657259,0
8014.0,939,1,1.304746934913749,-0.43350685606722045,-0.06222473705777866,0.4880470637611546,2,0.8573735942252099,-0.8807783229833361,-1.1221185330652454,1
2106.0,712,1,0.7489441937364332,-1.2517530925096898,-0.7739455857578674,0.4880470637611546,2,-1.9392282687600424,-0.00575018490735636,0.624822618567207,0
4046.0,248,1,0.33209213785344627,-0.43350685606722045,0.039449669899376885,-1.4563635488330868,2,0.8573735942252099,-0.13075420463249615,0.7306978398782648,1
6098.0,36,1,-1.0574147150898432,-0.10620836149023268,0.44614729772799905,1.4602523700582752,2,0.5346887638807577,-0.3807622440827762,-1.4397441969984186,1
1939.0,157,1,-0.5016119739125274,-0.924454597932702,0.039449669899376885,-1.4563635488330868,2,1.2876200346844795,1.5568000616568936,0.6777602292227359,1
2120.0,525,1,0.8878948790307621,-0.10620836149023268,-0.06222473705777866,1.4602523700582752,1,1.0724968144548446,1.1817880024814733,-0.0633663199546682,0
5909.0,602,0,1.304746934913749,-1.2517530925096898,0.7511705185994657,-0.4841582425359661,0,-0.2182425069229641,-0.8182763131207661,-0.0633663199546682,1
4772.0,307,0,0.33209213785344627,1.2029856168177184,1.2595425533852433,-0.4841582425359661,1,1.0724968144548446,0.9942819728937634,-0.1692415412657259,1
7558.0,769,1,-0.08475991802954058,2.0212318532601876,0.039449669899376885,0.4880470637611546,2,-0.003119286693329313,0.24425785454292354,-0.9633057010986589,0
8215.0,1,1,0.7489441937364332,2.0212318532601876,0.039449669899376885,-0.4841582425359661,0,1.2876200346844795,-0.6307702835330562,-0.6986176478210145,0
3855.0,604,0,-0.5016119739125274,1.2029856168177184,-1.2823176205436453,1.4602523700582752,0,-1.293858608071138,1.1192859926189036,-1.1221185330652454,1
3248.0,365,0,0.6099935084421042,2.0212318532601876,1.2595425533852433,0.4880470637611546,2,1.2876200346844795,-0.3807622440827762,-0.22217915192125479,1
9633.0,18,0,0.6099935084421042,0.38473938037524896,-1.2823176205436453,-1.4563635488330868,0,1.2876200346844795,0.18175584468035377,0.8895106718448513,0
6209.0,488,0,0.8878948790307621,0.057440885798261204,0.8528449255566213,1.4602523700582752,0,-0.8636121676118684,-0.5682682736704862,-0.9633057010986589,0
5049.0,81,1,0.33209213785344627,-1.2517530925096898,-0.7739455857578674,1.4602523700582752,2,1.2876200346844795,0.7442739334434836,1.2071363357780245,0
2062.0,625,1,-0.5016119739125274,-1.5790515870866775,-0.7739455857578674,-0.4841582425359661,2,-0.8636121676118684,-0.0682521947699264,-0.3809919838878414,0
9609.0,510,0,-0.08475991802954058,-0.10620836149023268,0.44614729772799905,1.4602523700582752,2,0.8573735942252099,0.4942658939932037,-0.7515552584765434,1
4325.0,217,0,0.8878948790307621,-1.5790515870866775,1.2595425533852433,0.4880470637611546,2,-1.9392282687600424,0.3067598644054936,-0.22217915192125479,0
2388.0,479,1,0.6099935084421042,0.057440885798261204,-0.06222473705777866,0.4880470637611546,2,1.2876200346844795,0.3067598644054936,0.0954465120119184,0
7981.0,436,0,-0.08475991802954058,-1.5790515870866775,-1.790689655329423,-0.4841582425359661,2,1.0724968144548446,-0.6307702835330562,-1.3868065863428898,1
8236.0,949,1,0.33209213785344627,0.38473938037524896,1.0561937394709324,0.4880470637611546,0,-0.8636121676118684,0.11925383481778372,0.7306978398782648,1
5528.0,389,1,0.6099935084421042,0.38473938037524896,0.7511705185994657,-0.4841582425359661,0,-0.8636121676118684,0.05675182495521368,-0.8044928691320723,1
5096.0,405,0,0.33209213785344627,1.2029856168177184,0.8528449255566213,-1.4563635488330868,1,-0.8636121676118684,1.369294032069183,-1.4397441969984186,0
5617.0,618,0,-2.169020197444475,-1.5790515870866775,0.8528449255566213,-0.4841582425359661,2,-0.8636121676118684,1.5568000616568936,-0.9633057010986589,0
4728.0,168,1,0.8878948790307621,-0.10620836149023268,1.2595425533852433,0.4880470637611546,1,-0.8636121676118684,0.8692779531686233,0.9953858931559091,0
6581.0,203,1,1.304746934913749,1.2029856168177184,-1.790689655329423,-1.4563635488330868,0,-0.2182425069229641,-0.13075420463249615,0.41307217594509155,1
5396.5,925,1,0.7489441937364332,-1.2517530925096898,0.44614729772799905,-0.4841582425359661,2,1.0724968144548446,-0.44326425394534624,-0.0633663199546682,0
7608.0,940,0,1.304746934913749,0.7120378749522367,0.039449669899376885,1.4602523700582752,0,-1.293858608071138,-1.005782342708476,-0.3280543732323125,0
7247.0,295,1,-2.169020197444475,0.38473938037524896,-0.7739455857578674,-1.4563635488330868,0,-0.2182425069229641,-1.193288372296186,-0.0633663199546682,0
5991.0,246,1,0.33209213785344627,0.38473938037524896,-0.7739455857578674,-1.4563635488330868,0,0.8573735942252099,-0.00575018490735636,-0.8574304797876011,1
2138.0,314,0,0.33209213785344627,1.2029856168177184,1.2595425533852433,0.4880470637611546,1,-0.8636121676118684,-1.318292392021326,-1.2809313650318321,0
5396.5,396,1,-1.0574147150898432,2.0212318532601876,-1.790689655329423,-1.4563635488330868,0,0.7498119841103925,-1.130786362433616,-0.0633663199546682,0
2126.0,258,0,0.33209213785344627,-1.2517530925096898,1.2595425533852433,0.4880470637611546,2,-0.2182425069229641,-1.005782342708476,-0.0633663199546682,0
4325.0,781,1,0.33209213785344627,1.2029856168177184,0.039449669899376885,-1.4563635488330868,2,0.7498119841103925,1.0567839827563332,0.5718850079116782,1
9615.0,65,0,0.7489441937364332,-0.10620836149023268,-0.06222473705777866,-0.4841582425359661,1,-0.003119286693329313,0.8067759433060536,-0.4868672051988991,0
6681.0,24,0,-2.169020197444475,0.7120378749522367,-1.2823176205436453,-1.4563635488330868,0,-1.293858608071138,1.3067920222066134,0.9953858931559091,0
8501.0,260,0,-1.0574147150898432,0.7120378749522367,0.7511705185994657,-1.4563635488330868,1,-0.003119286693329313,-0.7557743032581962,-0.91036809044313,0
9810.0,694,0,0.6099935084421042,1.2029856168177184,-0.06222473705777866,-1.4563635488330868,1,0.7498119841103925,1.6193020715194633,-1.227993754376303,1
9264.0,885,0,-2.169020197444475,-0.10620836149023268,-1.2823176205436453,0.4880470637611546,0,-0.8636121676118684,-1.3807944018838958,-1.3868065863428898,1
8567.0,219,0,1.304746934913749,-1.5790515870866775,1.2595425533852433,-1.4563635488330868,0,-0.003119286693329313,-0.6932722933956261,0.9424482825003802,1
6359.0,196,0,-0.08475991802954058,-0.10620836149023268,0.7511705185994657,0.4880470637611546,1,1.2876200346844795,0.7442739334434836,0.04250890135638953,1
8713.0,44,0,-1.0574147150898432,0.057440885798261204,0.039449669899376885,1.4602523700582752,0,-1.293858608071138,-0.5682682736704862,0.3601345652895627,0
3759.0,544,1,-0.08475991802954058,0.057440885798261204,-1.2823176205436453,-0.4841582425359661,2,-1.293858608071138,-0.8182763131207661,-1.333868975687361,1
8242.0,509,1,-0.5016119739125274,0.38473938037524896,-1.790689655329423,0.4880470637611546,2,-0.003119286693329313,0.3692618742680636,-1.2809313650318321,0
4305.0,58,1,1.304746934913749,1.2029856168177184,1.2595425533852433,0.4880470637611546,0,-1.9392282687600424,-1.443296411746466,-1.4397441969984186,0
4148.0,283,1,0.8878948790307621,0.38473938037524896,-1.2823176205436453,-1.4563635488330868,0,-1.9392282687600424,0.11925383481778372,-0.3809919838878414,0
4105.0,519,1,-0.5016119739125274,-1.5790515870866775,-1.790689655329423,0.4880470637611546,0,1.2876200346844795,-1.193288372296186,-0.3809919838878414,1
1245.0,895,0,1.304746934913749,-0.43350685606722045,-1.790689655329423,1.4602523700582752,2,1.2876200346844795,-1.318292392021326,-0.539804815854428,0
1719.0,149,1,0.8878948790307621,-1.5790515870866775,0.44614729772799905,1.4602523700582752,2,0.7498119841103925,0.7442739334434836,1.2071363357780245,1
5127.0,410,1,0.7489441937364332,2.0212318532601876,-1.790689655329423,-1.4563635488330868,2,-1.293858608071138,0.4942658939932037,0.8895106718448513,0
8899.0,52,1,1.304746934913749,0.057440885798261204,0.8528449255566213,1.4602523700582752,2,-1.9392282687600424,0.11925383481778372,1.048323503811438,1
9248.0,391,1,0.33209213785344627,-0.43350685606722045,0.8528449255566213,-0.4841582425359661,2,1.2876200346844795,0.8067759433060536,1.1012611144669668,1
2300.0,383,1,-1.0574147150898432,2.0212318532601876,-0.06222473705777866,0.4880470637611546,0,-1.293858608071138,-0.3182602342202063,0.7306978398782648,1
4900.0,825,0,0.33209213785344627,-1.2517530925096898,0.039449669899376885,-0.4841582425359661,1,-0.003119286693329313,0.11925383481778372,-0.0633663199546682,0
1388.0,934,1,1.304746934913749,2.0212318532601876,1.2595425533852433,1.4602523700582752,1,-0.003119286693329313,1.3067920222066134,0.7836354505337936,1
4644.0,629,0,-0.5016119739125274,2.0212318532601876,-1.2823176205436453,-0.4841582425359661,1,-0.003119286693329313,-1.318292392021326,0.20132173332297612,1
4153.0,153,1,-1.0574147150898432,0.057440885798261204,-1.2823176205436453,0.4880470637611546,0,0.8573735942252099,0.18175584468035377,1.2071363357780245,1
4871.0,702,1,-2.169020197444475,-0.10620836149023268,0.44614729772799905,-0.4841582425359661,1,1.2876200346844795,-0.7557743032581962,-0.8574304797876011,1
5966.0,44,0,0.7489441937364332,-0.10620836149023268,1.2595425533852433,0.4880470637611546,2,0.7498119841103925,1.4942980517943232,-0.22217915192125479,0
7188.0,829,1,-0.08475991802954058,-0.10620836149023268,-1.790689655329423,0.4880470637611546,1,-1.9392282687600424,0.8692779531686233,-0.0633663199546682,0
1324.0,890,0,-2.169020197444475,0.38473938037524896,0.44614729772799905,1.4602523700582752,1,-1.293858608071138,0.24425785454292354,-0.8574304797876011,0
7233.0,851,0,0.33209213785344627,-0.10620836149023268,0.44614729772799905,-1.4563635488330868,1,0.8573735942252099,-0.00575018490735636,-0.3280543732323125,1
8688.0,222,1,-1.0574147150898432,1.2029856168177184,0.039449669899376885,-0.4841582425359661,1,1.0724968144548446,0.05675182495521368,-0.0633663199546682,0
7113.0,808,0,-0.08475991802954058,0.057440885798261204,0.8528449255566213,0.4880470637611546,2,-0.003119286693329313,1.6193020715194633,-1.0691809224097166,0
3660.0,64,1,-2.169020197444475,0.057440885798261204,1.0561937394709324,0.4880470637611546,1,-0.2182425069229641,0.4942658939932037,-0.22217915192125479,1
7313.0,921,1,0.8878948790307621,1.2029856168177184,-0.06222473705777866,-0.4841582425359661,2,-0.003119286693329313,0.6817719235809135,0.7306978398782648,1
5281.0,632,0,-1.0574147150898432,0.057440885798261204,1.2595425533852433,1.4602523700582752,1,-1.293858608071138,-1.443296411746466,1.1541987251224957,1
7297.0,637,0,0.7489441937364332,0.38473938037524896,-0.7739455857578674,1.4602523700582752,2,-1.293858608071138,1.0567839827563332,-0.5927424265099568,0
9202.0,152,0,0.7489441937364332,0.057440885798261204,-1.790689655329423,0.4880470637611546,0,-0.003119286693329313,0.9317799630311934,-0.27511676257678364,1
5407.0,346,1,-2.169020197444475,0.057440885798261204,0.039449669899376885,-1.4563635488330868,2,-0.003119286693329313,-1.193288372296186,1.1541987251224957,0
9600.0,448,1,0.33209213785344627,-1.5790515870866775,-1.2823176205436453,-1.4563635488330868,2,-1.293858608071138,0.6817719235809135,-0.8044928691320723,0
3981.0,706,1,-0.08475991802954058,0.7120378749522367,1.2595425533852433,-1.4563635488330868,0,-0.003119286693329313,0.8067759433060536,1.1012611144669668,1
5249.0,707,0,-0.08475991802954058,0.7120378749522367,0.7511705185994657,-1.4563635488330868,0,0.5346887638807577,-1.2557903821587562,-1.0691809224097166,0
2052.0,237,0,-0.08475991802954058,0.7120378749522367,1.2595425533852433,-0.4841582425359661,2,0.7498119841103925,-1.5057984216090359,-0.539804815854428,1
1685.0,636,1,0.8878948790307621,-0.924454597932702,0.039449669899376885,-1.4563635488330868,1,-0.8636121676118684,1.5568000616568936,1.1012611144669668,0
8961.0,386,0,1.304746934913749,0.7120378749522367,-1.790689655329423,-0.4841582425359661,2,1.0724968144548446,1.6193020715194633,-0.6456800371654857,0
7528.0,756,0,0.7489441937364332,-0.43350685606722045,1.0561937394709324,-0.4841582425359661,0,-0.003119286693329313,-0.0682521947699264,0.8895106718448513,0
3275.0,656,1,0.7489441937364332,0.38473938037524896,-0.7739455857578674,0.4880470637611546,1,1.2876200346844795,-0.3807622440827762,0.624822618567207,0
9436.0,886,0,0.8878948790307621,-0.43350685606722045,1.0561937394709324,-0.4841582425359661,1,1.0724968144548446,1.2442900123440437,1.048323503811438,0
8279.0,183,1,0.7489441937364332,-0.10620836149023268,-1.790689655329423,1.4602523700582752,0,1.0724968144548446,-0.1932562144950662,0.14838412266744727,1
7305.0,30,0,0.7489441937364332,1.2029856168177184,-1.2823176205436453,-0.4841582425359661,1,-0.003119286693329313,-1.3807944018838958,0.20132173332297612,1
5396.5,453,0,-1.0574147150898432,-0.10620836149023268,0.7511705185994657,-0.4841582425359661,1,-0.8636121676118684,-0.7557743032581962,-0.7515552584765434,1
2465.0,280,1,-2.169020197444475,-0.43350685606722045,-1.2823176205436453,-0.4841582425359661,2,0.5346887638807577,-0.8182763131207661,-0.5927424265099568,0
3016.0,370,1,-0.5016119739125274,-0.10620836149023268,0.7511705185994657,-0.4841582425359661,0,0.8573735942252099,0.8692779531686233,0.5718850079116782,1
6623.0,517,0,-2.169020197444475,-0.924454597932702,-1.790689655329423,1.4602523700582752,0,0.5346887638807577,-1.130786362433616,-1.1750561437207743,1
2460.0,191,0,0.7489441937364332,1.2029856168177184,0.7511705185994657,1.4602523700582752,2,-1.293858608071138,1.1817880024814733,-0.1692415412657259,1
6092.0,159,1,0.7489441937364332,-0.924454597932702,1.2595425533852433,-1.4563635488330868,2,1.0724968144548446,0.9317799630311934,0.8365730611893225,1
9515.0,133,1,0.6099935084421042,-1.5790515870866775,0.039449669899376885,0.4880470637611546,2,1.0724968144548446,-1.0682843525710461,-0.4868672051988991,1
9189.0,521,0,-1.0574147150898432,0.7120378749522367,0.44614729772799905,-1.4563635488330868,1,-0.003119286693329313,0.3692618742680636,-0.4339295945433702,1
5480.0,929,0,0.8878948790307621,-0.10620836149023268,0.44614729772799905,-1.4563635488330868,0,1.0724968144548446,-1.005782342708476,0.9424482825003802,1
4687.0,100,1,-1.0574147150898432,-0.10620836149023268,-1.790689655329423,0.4880470637611546,1,-1.293858608071138,1.6193020715194633,0.41307217594509155,0
6528.0,904,0,-0.08475991802954058,2.0212318532601876,-1.790689655329423,-1.4563635488330868,0,-0.8636121676118684,0.7442739334434836,-0.4868672051988991,1
9978.0,744,0,0.6099935084421042,-1.2517530925096898,1.0561937394709324,1.4602523700582752,0,0.5346887638807577,-0.0682521947699264,-0.91036809044313,1
8239.0,784,0,0.33209213785344627,-1.2517530925096898,1.2595425533852433,1.4602523700582752,1,1.2876200346844795,0.8067759433060536,-1.4397441969984186,0
2670.0,94,1,-2.169020197444475,-1.5790515870866775,-1.2823176205436453,-0.4841582425359661,0,1.0724968144548446,1.5568000616568936,-0.8574304797876011,1
2922.0,633,0,0.7489441937364332,-1.5790515870866775,-1.2823176205436453,-1.4563635488330868,0,-0.003119286693329313,-1.130786362433616,-0.11630393061019706,0
5959.0,161,1,-2.169020197444475,0.38473938037524896,-0.06222473705777866,-1.4563635488330868,2,-0.2182425069229641,-0.3807622440827762,-1.0691809224097166,1
2353.0,593,1,-0.08475991802954058,-0.924454597932702,1.2595425533852433,-0.4841582425359661,1,0.8573735942252099,1.5568000616568936,-0.0633663199546682,0
2549.0,611,1,-2.169020197444475,-0.10620836149023268,-1.790689655329423,0.4880470637611546,1,-1.293858608071138,-1.193288372296186,-1.227993754376303,1
7640.0,279,1,-2.169020197444475,-0.924454597932702,-0.7739455857578674,0.4880470637611546,2,0.7498119841103925,0.11925383481778372,0.5189473972561492,1
4399.0,823,1,-1.0574147150898432,0.7120378749522367,-1.2823176205436453,-0.4841582425359661,1,-0.2182425069229641,0.9942819728937634,-1.0691809224097166,1
3110.0,737,1,-1.0574147150898432,0.38473938037524896,-0.7739455857578674,0.4880470637611546,0,0.7498119841103925,1.5568000616568936,-0.0633663199546682,0
6956.0,305,1,-2.169020197444475,-0.43350685606722045,1.2595425533852433,0.4880470637611546,0,-0.8636121676118684,1.3067920222066134,-0.4868672051988991,0
3291.0,913,0,1.304746934913749,-0.924454597932702,1.0561937394709324,1.4602523700582752,1,-0.8636121676118684,-0.8807783229833361,-1.1221185330652454,1
4884.0,881,1,0.8878948790307621,-1.2517530925096898,0.44614729772799905,1.4602523700582752,0,0.8573735942252099,0.24425785454292354,0.5189473972561492,0
5544.0,776,1,0.7489441937364332,-1.5790515870866775,0.7511705185994657,0.4880470637611546,2,0.5346887638807577,-0.3182602342202063,-0.91036809044313,0
8472.0,155,1,0.33209213785344627,-1.5790515870866775,-1.2823176205436453,0.4880470637611546,0,0.7498119841103925,0.43176388413063366,-0.539804815854428,1
7097.0,56,1,-2.169020197444475,-1.2517530925096898,1.0561937394709324,-1.4563635488330868,2,-0.003119286693329313,1.4942980517943232,-0.6456800371654857,1
5425.0,105,1,-0.5016119739125274,0.38473938037524896,-0.7739455857578674,-1.4563635488330868,0,1.0724968144548446,0.4942658939932037,-0.22217915192125479,0
5476.0,809,1,0.8878948790307621,0.057440885798261204,0.039449669899376885,-0.4841582425359661,2,1.2876200346844795,-0.3182602342202063,-1.1221185330652454,1
3879.0,29,0,0.7489441937364332,-0.10620836149023268,0.7511705185994657,0.4880470637611546,2,0.8573735942252099,1.1817880024814733,0.41307217594509155,0
5396.5,623,1,-1.0574147150898432,2.0212318532601876,-1.790689655329423,-1.4563635488330868,2,-0.8636121676118684,0.24425785454292354,-0.11630393061019706,0
3090.0,533,0,-0.08475991802954058,-0.924454597932702,0.039449669899376885,-1.4563635488330868,0,-1.9392282687600424,0.24425785454292354,-0.0633663199546682,1
7064.0,732,1,0.7489441937364332,-1.5790515870866775,-0.06222473705777866,-1.4563635488330868,2,-0.003119286693329313,0.9942819728937634,0.25425934397850497,0
5519.0,6,0,0.33209213785344627,1.2029856168177184,0.44614729772799905,0.4880470637611546,2,-1.9392282687600424,0.9317799630311934,-1.1750561437207743,1
2256.0,412,1,0.6099935084421042,-1.2517530925096898,0.8528449255566213,-0.4841582425359661,0,0.5346887638807577,0.24425785454292354,0.20132173332297612,1
7946.0,575,1,-0.08475991802954058,-0.10620836149023268,-0.7739455857578674,0.4880470637611546,1,0.7498119841103925,-0.25575822435763623,0.624822618567207,1
1119.0,443,0,0.33209213785344627,2.0212318532601876,1.2595425533852433,0.4880470637611546,1,0.8573735942252099,-1.3807944018838958,0.04250890135638953,1
9577.0,156,1,-1.0574147150898432,0.057440885798261204,1.0561937394709324,-1.4563635488330868,0,1.0724968144548446,1.4942980517943232,-0.010428709299139331,0
7211.0,121,1,1.304746934913749,0.38473938037524896,1.0561937394709324,1.4602523700582752,1,0.7498119841103925,-0.5682682736704862,0.14838412266744727,0
5337.0,606,1,-0.08475991802954058,0.7120378749522367,-1.790689655329423,1.4602523700582752,2,-0.8636121676118684,1.0567839827563332,-1.333868975687361,0
8999.0,641,1,1.304746934913749,-0.43350685606722045,0.8528449255566213,-0.4841582425359661,2,0.5346887638807577,-0.3807622440827762,-1.4397441969984186,0
4050.0,388,1,1.304746934913749,-0.43350685606722045,0.7511705185994657,-1.4563635488330868,2,1.2876200346844795,-1.2557903821587562,0.25425934397850497,1
7729.0,880,1,0.33209213785344627,-0.43350685606722045,-1.2823176205436453,0.4880470637611546,0,-0.2182425069229641,-0.25575822435763623,-0.4339295945433702,0
8017.0,275,1,0.33209213785344627,0.057440885798261204,0.7511705185994657,-0.4841582425359661,1,-0.2182425069229641,-1.005782342708476,-0.27511676257678364,0
1095.0,302,0,0.8878948790307621,0.38473938037524896,1.2595425533852433,0.4880470637611546,0,-1.293858608071138,-0.25575822435763623,1.048323503811438,0
1517.0,562,1,0.8878948790307621,-0.10620836149023268,0.44614729772799905,0.4880470637611546,2,-0.2182425069229641,0.24425785454292354,0.8365730611893225,1
6322.0,806,0,-0.5016119739125274,-1.5790515870866775,-1.2823176205436453,-0.4841582425359661,0,-0.003119286693329313,-1.130786362433616,-0.27511676257678364,1
4874.0,220,1,1.304746934913749,-1.5790515870866775,0.8528449255566213,-0.4841582425359661,2,-0.2182425069229641,-0.6307702835330562,0.20132173332297612,1
8027.0,306,1,0.7489441937364332,-1.2517530925096898,-0.7739455857578674,-1.4563635488330868,0,0.5346887638807577,0.8692779531686233,-0.5927424265099568,1
8031.0,715,1,-0.08475991802954058,0.38473938037524896,-0.7739455857578674,1.4602523700582752,0,1.2876200346844795,1.6193020715194633,0.5189473972561492,1
4758.0,273,1,-1.0574147150898432,0.057440885798261204,0.039449669899376885,0.4880470637611546,0,-1.293858608071138,-0.1932562144950662,0.624822618567207,1
2489.0,948,1,-2.169020197444475,-1.5790515870866775,-0.7739455857578674,0.4880470637611546,1,1.2876200346844795,-0.8182763131207661,-0.010428709299139331,0
2005.0,846,0,-0.08475991802954058,0.057440885798261204,0.7511705185994657,0.4880470637611546,2,0.5346887638807577,1.4317960419317535,0.9424482825003802,0
5046.0,308,0,-0.08475991802954058,-1.2517530925096898,0.039449669899376885,-0.4841582425359661,0,1.0724968144548446,-0.8182763131207661,0.14838412266744727,0
2650.0,398,0,-1.0574147150898432,0.057440885798261204,0.039449669899376885,-0.4841582425359661,2,0.5346887638807577,-1.130786362433616,0.7836354505337936,1
3134.0,687,0,1.304746934913749,2.0212318532601876,0.8528449255566213,0.4880470637611546,1,1.0724968144548446,-0.7557743032581962,-0.539804815854428,1
7292.0,955,1,0.6099935084421042,-1.2517530925096898,0.8528449255566213,0.4880470637611546,0,0.8573735942252099,0.05675182495521368,0.7306978398782648,1
4160.0,201,0,0.6099935084421042,0.38473938037524896,-0.7739455857578674,1.4602523700582752,2,0.5346887638807577,0.7442739334434836,1.1012611144669668,1
9741.0,303,1,-0.08475991802954058,-1.2517530925096898,1.2595425533852433,-1.4563635488330868,1,0.5346887638807577,1.3067920222066134,1.1012611144669668,0
6996.0,44,0,0.6099935084421042,-1.5790515870866775,0.7511705185994657,-0.4841582425359661,2,-0.8636121676118684,1.4317960419317535,0.25425934397850497,1
3735.0,44,0,-1.0574147150898432,0.057440885798261204,0.039449669899376885,1.4602523700582752,0,-0.003119286693329313,0.8067759433060536,-0.11630393061019706,0
9723.0,296,1,-1.0574147150898432,-0.10620836149023268,-0.7739455857578674,-0.4841582425359661,1,-1.9392282687600424,-0.25575822435763623,-0.539804815854428,1
4015.0,303,1,-1.0574147150898432,0.7120378749522367,1.2595425533852433,1.4602523700582752,1,-0.003119286693329313,1.2442900123440437,1.2071363357780245,0
9254.0,947,0,0.33209213785344627,1.2029856168177184,0.44614729772799905,0.4880470637611546,1,0.7498119841103925,-0.9432803328459062,-1.333868975687361,1
5781.0,172,1,-1.0574147150898432,0.057440885798261204,-1.2823176205436453,0.4880470637611546,0,1.2876200346844795,1.5568000616568936,-0.7515552584765434,1
1022.0,97,0,0.7489441937364332,2.0212318532601876,1.0561937394709324,0.4880470637611546,1,-0.8636121676118684,-0.6932722933956261,-1.0162433117541878,0
5831.0,467,1,-0.08475991802954058,0.057440885798261204,1.0561937394709324,1.4602523700582752,1,0.5346887638807577,-0.9432803328459062,-1.3868065863428898,1
7258.0,614,0,0.7489441937364332,-0.924454597932702,1.2595425533852433,-0.4841582425359661,0,1.0724968144548446,-0.6932722933956261,0.5189473972561492,0
3550.0,192,0,0.8878948790307621,-1.5790515870866775,1.0561937394709324,-1.4563635488330868,2,0.7498119841103925,0.05675182495521368,0.0954465120119184,1
3885.0,229,1,0.7489441937364332,-0.10620836149023268,-1.2823176205436453,-0.4841582425359661,0,0.5346887638807577,-1.005782342708476,-0.8574304797876011,0
4077.0,757,1,-1.0574147150898432,0.38473938037524896,-1.790689655329423,1.4602523700582752,2,-1.9392282687600424,-1.193288372296186,0.30719695463403385,1
1193.0,262,1,-2.169020197444475,-1.5790515870866775,0.039449669899376885,0.4880470637611546,0,-0.003119286693329313,-1.0682843525710461,1.1541987251224957,1
5385.0,44,1,0.7489441937364332,-0.43350685606722045,0.039449669899376885,0.4880470637611546,1,1.0724968144548446,1.1817880024814733,-1.1750561437207743,1
3281.0,816,0,0.7489441937364332,0.057440885798261204,-1.2823176205436453,0.4880470637611546,2,-0.2182425069229641,-1.005782342708476,-1.2809313650318321,0
9906.0,842,1,0.33209213785344627,-0.43350685606722045,0.7511705185994657,0.4880470637611546,2,-0.003119286693329313,0.11925383481778372,-0.0633663199546682,1
1019.0,72,1,-0.08475991802954058,1.2029856168177184,-1.790689655329423,-1.4563635488330868,0,1.0724968144548446,0.5567679038557735,-0.6986176478210145,0
2841.0,259,0,-1.0574147150898432,0.38473938037524896,1.2595425533852433,0.4880470637611546,2,1.0724968144548446,-1.2557903821587562,-0.3280543732323125,1
6906.0,536,1,-0.08475991802954058,0.7120378749522367,-1.2823176205436453,-1.4563635488330868,2,-0.8636121676118684,-0.44326425394534624,-0.8574304797876011,0
3461.0,13,0,0.7489441937364332,0.057440885798261204,1.0561937394709324,0.4880470637611546,2,-0.2182425069229641,0.5567679038557735,-0.5927424265099568,1
1035.0,342,1,-1.0574147150898432,2.0212318532601876,-1.2823176205436453,-1.4563635488330868,2,-0.2182425069229641,1.0567839827563332,-1.0691809224097166,0
5562.0,227,1,0.6099935084421042,2.0212318532601876,-1.2823176205436453,-1.4563635488330868,2,1.0724968144548446,-0.5057662638079161,-0.010428709299139331,0
7782.0,868,0,-1.0574147150898432,1.2029856168177184,-1.790689655329423,-1.4563635488330868,1,-0.2182425069229641,0.05675182495521368,0.20132173332297612,1
7301.0,563,1,0.7489441937364332,-1.5790515870866775,-0.7739455857578674,1.4602523700582752,1,1.2876200346844795,0.6817719235809135,-0.6456800371654857,0
1046.0,592,1,-0.08475991802954058,0.057440885798261204,-0.7739455857578674,-0.4841582425359661,0,0.7498119841103925,-1.318292392021326,-0.27511676257678364,0
3283.0,627,0,-0.08475991802954058,-1.2517530925096898,-0.7739455857578674,-1.4563635488330868,0,1.2876200346844795,1.0567839827563332,-1.2809313650318321,1
2920.0,356,1,-2.169020197444475,-0.43350685606722045,-1.790689655329423,-0.4841582425359661,0,0.7498119841103925,0.5567679038557735,-1.227993754376303,1
3591.0,898,1,-1.0574147150898432,2.0212318532601876,-1.2823176205436453,0.4880470637611546,0,0.7498119841103925,-1.443296411746466,-0.0633663199546682,1
5396.5,710,0,-1.0574147150898432,-0.924454597932702,0.44614729772799905,-0.4841582425359661,2,1.0724968144548446,-0.13075420463249615,0.7306978398782648,1
5698.0,339,1,-1.0574147150898432,-0.43350685606722045,0.039449669899376885,1.4602523700582752,0,-0.8636121676118684,0.05675182495521368,-0.0633663199546682,0
8443.0,928,0,0.7489441937364332,-0.924454597932702,0.44614729772799905,1.4602523700582752,2,-1.293858608071138,-0.6307702835330562,-1.1750561437207743,0
5396.5,727,1,-2.169020197444475,0.7120378749522367,0.039449669899376885,1.4602523700582752,2,-1.293858608071138,1.0567839827563332,0.41307217594509155,1
8674.0,534,0,1.304746934913749,-1.5790515870866775,-1.790689655329423,-1.4563635488330868,0,1.0724968144548446,0.4942658939932037,-0.8044928691320723,0
2776.0,760,1,0.6099935084421042,2.0212318532601876,0.8528449255566213,-0.4841582425359661,0,1.2876200346844795,-0.6307702835330562,0.3601345652895627,1
2070.0,820,1,0.7489441937364332,-0.43350685606722045,0.44614729772799905,1.4602523700582752,1,1.2876200346844795,0.4942658939932037,-1.333868975687361,1
5410.0,162,1,0.7489441937364332,0.7120378749522367,0.039449669899376885,1.4602523700582752,0,-0.003119286693329313,-1.3807944018838958,-1.1750561437207743,0
1138.0,340,0,0.33209213785344627,-1.5790515870866775,-0.7739455857578674,1.4602523700582752,2,-1.9392282687600424,0.7442739334434836,-1.0162433117541878,1
6428.0,409,0,-0.5016119739125274,0.38473938037524896,-0.7739455857578674,-1.4563635488330868,0,0.8573735942252099,0.9942819728937634,-0.0633663199546682,1
5753.0,216,1,-1.0574147150898432,-0.10620836149023268,0.7511705185994657,0.4880470637611546,1,1.2876200346844795,1.2442900123440437,0.8365730611893225,1
3638.0,779,0,-0.08475991802954058,-1.2517530925096898,1.0561937394709324,0.4880470637611546,2,0.8573735942252099,1.1817880024814733,-0.010428709299139331,1
7350.0,815,1,0.8878948790307621,0.7120378749522367,0.8528449255566213,0.4880470637611546,0,0.8573735942252099,0.43176388413063366,0.20132173332297612,1
1244.0,89,1,0.33209213785344627,-0.924454597932702,0.7511705185994657,-0.4841582425359661,0,-0.2182425069229641,-0.5057662638079161,-0.4868672051988991,1
2116.0,527,0,0.7489441937364332,2.0212318532601876,1.0561937394709324,0.4880470637611546,0,-1.293858608071138,0.7442739334434836,0.0954465120119184,0
8753.0,766,1,-0.08475991802954058,-1.2517530925096898,0.7511705185994657,1.4602523700582752,2,-0.003119286693329313,-0.3807622440827762,-0.4868672051988991,0
7701.0,66,1,-0.08475991802954058,2.0212318532601876,-0.7739455857578674,1.4602523700582752,2,1.0724968144548446,-1.2557903821587562,-0.0633663199546682,0
5396.5,362,1,0.7489441937364332,-0.43350685606722045,1.2595425533852433,0.4880470637611546,0,-1.293858608071138,1.1817880024814733,-0.4868672051988991,0
3592.0,691,0,0.6099935084421042,1.2029856168177184,-1.790689655329423,-0.4841582425359661,1,0.7498119841103925,-0.44326425394534624,0.0954465120119184,0
2787.0,850,1,-1.0574147150898432,0.38473938037524896,-1.790689655329423,-1.4563635488330868,0,-1.9392282687600424,-0.5057662638079161,-0.3809919838878414,0
5396.5,516,1,-0.08475991802954058,0.38473938037524896,0.039449669899376885,-0.4841582425359661,0,-0.8636121676118684,-1.005782342708476,0.14838412266744727,1
4497.0,41,0,0.7489441937364332,0.057440885798261204,0.8528449255566213,-1.4563635488330868,0,1.0724968144548446,0.9317799630311934,0.14838412266744727,1
1886.0,44,1,-0.08475991802954058,-1.5790515870866775,0.44614729772799905,0.4880470637611546,1,-1.293858608071138,-1.2557903821587562,-1.227993754376303,0
7636.0,461,1,0.33209213785344627,-0.10620836149023268,-1.790689655329423,0.4880470637611546,0,0.5346887638807577,-0.9432803328459062,-1.2809313650318321,1
8021.0,596,0,0.33209213785344627,-1.2517530925096898,1.2595425533852433,-0.4841582425359661,2,-0.003119286693329313,-0.00575018490735636,0.8895106718448513,1
